,Q Number,Quarters,Performance,Weights,Index Returns,Returns,Operating Margins,ROE,ROA,Dividend Yield,Earnings Yield,Debt to Equity,Book Value Per Share,Profit Margin,Total Debt to Total Asset
ABOITIZ EQUITY VENTURES INC,4,12/29/16,1,5.46,-0.1034,-0.0653,22.74,22.8,192167.95,-11.06,7.08,149.5,24.72,13.82,54.61
ABOITIZ EQUITY VENTURES INC,1,3/31/17,0,5.4,0.0689,0.0516,22.1,22.8,197944.1,-10.09,7.3,144.31,25.85,14.77,54.7
ABOITIZ EQUITY VENTURES INC,2,6/30/17,0,4.97,0.0727,0.0228,26.53,23.18,199074.98,0.00,0,145.2,27.02,14.17,54.94
ABOITIZ EQUITY VENTURES INC,3,9/29/17,0,4.58,0.0419,-0.0374,25.58,24.83,197143.23,0.00,0,136.27,27.46,14.65,53.26
ABOITIZ EQUITY VENTURES INC,4,12/29/17,0,4.44,0.0474,0.0095,22.63,25.47,199531,0.00,0,143.35,27.25,12.98,53.65
ABOITIZ EQUITY VENTURES INC,1,3/28/18,0,3.9,-0.0676,-0.0878,19.83,24.97,204655.15,0.00,0,136.76,28.3,11.39,52.73
ABOITIZ EQUITY VENTURES INC,2,6/29/18,0,3.46,-0.0985,-0.1926,22.35,24.21,234753.56,0.00,0,133.39,30.37,13.94,52.11
ABOITIZ EQUITY VENTURES INC,3,9/28/18,0,3.79,0.0116,-0.1009,19.33,23.78,226272.28,0.00,0,130.59,31.01,9.51,51.45
ABOITIZ EQUITY VENTURES INC,4,12/28/18,1,3.83,0.026,0.1224,14.21,23.15,227216.91,0.00,0,136.92,30.22,7.43,52.05
ABOITIZ EQUITY VENTURES INC,1,3/29/19,1,3.53,0.0609,0.0718,15.59,22.76,267960.97,0.00,0,153.93,29.29,9.84,54.51
ABOITIZ EQUITY VENTURES INC,2,6/28/19,0,3.5,0.0099,-0.067,18.82,20.31,267448.69,-6.14,11.62,146.87,30.33,13.58,53.6
ABOITIZ EQUITY VENTURES INC,3,9/30/19,0,3.39,-0.0276,-0.0355,16.28,18.6,264165.77,0.00,0,143,31.33,12.96,52.79
ABOITIZ EQUITY VENTURES INC,4,12/27/19,0,3.59,0.0047,-0.0292,14.4,19.07,263666.67,-12.83,15.3,161.44,30.28,4.45,54.76
ABOITIZ EQUITY VENTURES INC,1,3/31/20,1,3.73,-0.3191,-0.268,13.23,17.81,268457.72,-3.71,11.7,161.4,30.49,4.37,55.02
ABOITIZ EQUITY VENTURES INC,2,6/30/20,1,3.98,0.1666,0.2069,18.96,16.5,266057.66,-6.79,11.05,154.27,31.25,10.4,54.46
ABOITIZ EQUITY VENTURES INC,3,9/30/20,1,3.37,-0.0553,0.011,21.69,17.51,263213.94,0.00,0,147.65,32.51,14.05,54.2
ABOITIZ EQUITY VENTURES INC,4,12/29/20,0,2.72,0.2175,0.0272,17.1,18.38,264398.67,3.85,16.92,147.8,33.24,18.37,54.31
ABOITIZ EQUITY VENTURES INC,1,3/31/21,0,3.1,-0.0976,-0.2698,12.55,18.5,271531.88,8.21,14.24,139.47,34.4,8.8,52.78
ABOITIZ EQUITY VENTURES INC,2,6/30/21,1,3.54,0.0712,0.2217,16.64,18.41,268612.87,8.72,12.8,127.52,36.35,10.91,50.59
ABOITIZ EQUITY VENTURES INC,3,9/30/21,1,3.84,0.0074,0.153,13.46,15.48,186829.76,17.19,10.8,104.14,43.46,10.39,46.53
ABOITIZ EQUITY VENTURES INC,4,12/31/21,1,4.07,0.0244,0.1204,12,15.2,227748.52,20.64,9.74,103.18,43.05,6.3,46.19
ABOITIZ EQUITY VENTURES INC,1,3/31/22,1,3.81,0.0113,0.0927,15.18,16.66,268999.26,20.03,13.74,101.86,44.04,10.72,45.89
ABOITIZ EQUITY VENTURES INC,2,6/30/22,0,4.55,-0.1455,-0.2008,15.28,17.31,276450.14,17.31,13.19,96.73,45.44,11.89,44.52
ABOITIZ EQUITY VENTURES INC,3,9/30/22,1,4.29,-0.0673,0.1283,4.5,14.02,275241.27,0.00,0,107.59,45.32,3.84,46.64
ABOITIZ EQUITY VENTURES INC,4,12/29/22,0,3.58,0.1438,0.0755,9.42,13.95,332282.33,-7.76,12.73,108.06,45.31,5.28,46.88
ABOITIZ EQUITY VENTURES INC,1,3/31/23,0,4.01,-0.0102,-0.1612,13.48,13.63,278165.05,-5.35,11.33,103.86,46.42,7.81,46.1
ABOITIZ EQUITY VENTURES INC,2,6/30/23,1,3.76,-0.0049,0.124,13.98,12.52,273529.76,0.00,0,104.77,47.35,10.23,46.57
ABOITIZ POWER CORP,4,12/29/16,1,1.7,-0.1034,-0.0865,27.08,28.56,167345.71,-11.23,8.82,201.21,13.52,16.32,59.51
ABOITIZ POWER CORP,1,3/31/17,0,1.31,0.0689,0.0012,26.37,29.07,173185.49,-12.14,10.17,189.67,14.29,17.91,60.16
ABOITIZ POWER CORP,2,6/30/17,0,1.38,0.0727,-0.0683,31.26,29.96,173627.66,0.00,0,187.05,15.16,18.97,59.93
ABOITIZ POWER CORP,3,9/29/17,1,1.27,0.0419,0.1015,29.43,31,170296.42,0.00,0,166.15,15.68,15.07,56.99
ABOITIZ POWER CORP,4,12/29/17,0,1.27,0.0474,-0.0303,28.28,33.46,173714.36,0.00,0,188.61,14.97,13.77,58.06
ABOITIZ POWER CORP,1,3/28/18,0,1.3,-0.0676,-0.0686,23.93,32.43,178110.26,0.00,0,175,15.77,14.22,57.43
ABOITIZ POWER CORP,2,6/29/18,0,1.23,-0.0985,-0.1021,31.19,31.21,180204.1,0.00,0,158.94,16.95,21.54,55.85
ABOITIZ POWER CORP,3,9/28/18,0,1.26,0.0116,-0.0374,27.78,30.02,170155.57,0.00,0,158.52,17.36,16,55.56
ABOITIZ POWER CORP,4,12/28/18,1,1.2,0.026,0.0493,20.97,30.1,170303.76,0.00,0,173.01,16.26,12.16,56.3
ABOITIZ POWER CORP,1,3/29/19,0,1.17,0.0609,0.0085,22.67,28.77,203895.24,0.00,0,188.13,16.03,14.71,58.26
ABOITIZ POWER CORP,2,6/28/19,0,1.32,0.0099,-0.0169,26.83,25.13,200592.25,-2.77,10.98,179.35,16.56,15.65,57.33
ABOITIZ POWER CORP,3,9/30/19,1,1.18,-0.0276,0.102,21.4,22.79,195662.76,0.00,0,174.42,17.06,12.5,56.79
ABOITIZ POWER CORP,4,12/27/19,0,1.31,0.0047,-0.1082,21.7,24.04,195406.2,-0.69,14.81,189.75,16.14,7.39,57.19
ABOITIZ POWER CORP,1,3/31/20,1,1.16,-0.3191,-0.231,19.82,21.82,200046.69,4.95,13.04,186.75,16.23,6.67,57.72
ABOITIZ POWER CORP,2,6/30/20,0,1.15,0.1666,0.0266,29.33,21.31,194707.8,-0.04,13.78,180.87,16.48,11.63,57.6
ABOITIZ POWER CORP,3,9/30/20,1,0.99,-0.0553,-0.0537,28.98,22.14,189628.18,0.00,0,169.65,17.28,18.56,57.38
ABOITIZ POWER CORP,4,12/29/20,0,0.97,0.2175,0.0391,25.57,23.31,187844.25,12.22,16.65,173.59,17.44,23,57.89
ABOITIZ POWER CORP,1,3/31/21,0,0.94,-0.0976,-0.1149,18.55,23.66,185258.61,13.31,16.69,160.55,18.25,11.81,56.02
ABOITIZ POWER CORP,2,6/30/21,0,1.18,0.0712,0.0404,24.13,22.25,181303.77,15.30,13.06,138.96,19.92,16.7,52.8
ABOITIZ POWER CORP,3,9/30/21,1,1.09,0.0074,0.2679,17.44,20.51,177307.16,5.99,12.91,150.69,20.11,12.64,54.85
ABOITIZ POWER CORP,4,12/31/21,0,1.29,0.0244,-0.0419,16.83,19.95,185265.77,6.26,10.34,155.24,19.87,8.06,55.51
ABOITIZ POWER CORP,1,3/31/22,1,1.24,0.0113,0.2121,20.41,20.85,188238.23,6.74,14.15,141.96,21.8,15.15,52.9
ABOITIZ POWER CORP,2,6/30/22,0,1.36,-0.1455,-0.1806,19.7,20.82,192284.8,5.11,14.64,128.2,23.38,17.92,50.82
ABOITIZ POWER CORP,3,9/30/22,1,1.32,-0.0673,0.0441,6.42,18.8,183632.95,0.00,0,139.43,22.98,13.81,52.03
ABOITIZ POWER CORP,4,12/29/22,0,1.44,0.1438,0.1055,14.19,20.08,188017.17,7.42,11.21,147.14,21.66,15.44,53.19
ABOITIZ POWER CORP,1,3/31/23,1,1.48,-0.0102,0.0925,17.18,18.76,193326.15,6.77,10.96,135.69,23.12,17.89,51.74
ABOITIZ POWER CORP,2,6/30/23,1,1.31,-0.0049,0.0336,16.01,16.21,188523.78,0.00,0,127.8,24.46,18.44,50.34
ALLIANCE GLOBAL GROUP INC,4,12/29/16,0,1.55,-0.1034,-0.1962,22.51,23.08,84444.07,-22.10,26.39,61.91,14.68,10.78,30.33
ALLIANCE GLOBAL GROUP INC,1,3/31/17,0,1.69,0.0689,-0.0078,22.35,22.07,90989.77,-39.16,22.74,73.82,14.99,9.87,34.31
ALLIANCE GLOBAL GROUP INC,2,6/30/17,1,1.81,0.0727,0.1278,21.68,20.9,96461.09,0.00,0,66.77,15.31,10.64,31.97
ALLIANCE GLOBAL GROUP INC,3,9/29/17,1,1.71,0.0419,0.1217,22.64,19.44,110914.27,0.00,0,64.61,15.98,13.15,33.08
ALLIANCE GLOBAL GROUP INC,4,12/29/17,0,1.52,0.0474,-0.0025,23.72,19.35,112285.41,0.00,0,65.06,16.58,10.82,31.54
ALLIANCE GLOBAL GROUP INC,1,3/28/18,0,1.09,-0.0676,-0.175,23.89,19.72,107567.44,0.00,0,59.43,16.87,12.03,29.89
ALLIANCE GLOBAL GROUP INC,2,6/29/18,0,1.15,-0.0985,-0.1197,21.68,19.73,121430.11,0.00,0,61.54,17.33,11.7,30.59
ALLIANCE GLOBAL GROUP INC,3,9/28/18,1,1.07,0.0116,0.074,13.44,18.08,136246.31,0.00,0,66.84,17.37,6.55,33.02
ALLIANCE GLOBAL GROUP INC,4,12/28/18,0,1.37,0.026,-0.0465,21.54,18.1,136546.05,0.00,0,64.73,17.63,11.03,32.31
ALLIANCE GLOBAL GROUP INC,1,3/29/19,1,1.29,0.0609,0.358,22.05,18.23,138416.31,0.00,0,64.58,17.81,9.16,32.21
ALLIANCE GLOBAL GROUP INC,2,6/28/19,0,0.94,0.0099,-0.0446,22.29,18.7,146713.88,-5.22,31.36,69.11,18.45,10.97,33.56
ALLIANCE GLOBAL GROUP INC,3,9/30/19,0,1,-0.0276,-0.294,14.75,19.72,157962.69,0.00,0,74.48,18.26,9.58,34.33
ALLIANCE GLOBAL GROUP INC,4,12/27/19,1,0.87,0.0047,0.0697,18.43,18.46,156813.57,-1.47,49,74.17,18.5,7.96,34.34
ALLIANCE GLOBAL GROUP INC,1,3/31/20,0,0.73,-0.3191,-0.4014,9.25,14.5,156302.48,4.80,40.01,72.5,18.56,3.7,33.5
ALLIANCE GLOBAL GROUP INC,2,6/30/20,0,0.79,0.1666,-0.0258,14.62,11.35,151740.11,-16.54,31.08,80,18.5,7.15,35.21
ALLIANCE GLOBAL GROUP INC,3,9/30/20,1,0.99,-0.0553,0.0294,8.41,8.91,153470.36,0.00,0,78.75,17.85,8.26,34.85
ALLIANCE GLOBAL GROUP INC,4,12/29/20,1,1.09,0.2175,0.5143,18.05,8.09,154925.26,-1.46,14.67,77.06,19.24,8.31,34.43
ALLIANCE GLOBAL GROUP INC,1,3/31/21,1,0.98,-0.0976,0.0038,23.49,11,152081.85,-1.94,21.3,73.94,19.85,17.96,34.03
ALLIANCE GLOBAL GROUP INC,2,6/30/21,0,0.98,0.0712,-0.0451,17.52,12.13,154648.37,16.56,23.41,73.81,20.35,9.56,33.94
ALLIANCE GLOBAL GROUP INC,3,9/30/21,1,1.09,0.0074,0.0138,12.3,12.67,137615.69,9.76,22.61,69.63,20.44,11.83,33.16
ALLIANCE GLOBAL GROUP INC,4,12/31/21,1,1.12,0.0244,0.1456,20.91,13.46,137740.9,9.64,23.16,67.96,22.63,10.68,32.67
ALLIANCE GLOBAL GROUP INC,1,3/31/22,1,0.92,0.0113,0.061,23.27,14.29,140858.45,16.98,35.96,66.07,23.01,10.04,31.99
ALLIANCE GLOBAL GROUP INC,2,6/30/22,0,0.91,-0.1455,-0.2971,20.75,15.34,150600.2,16.53,42.11,68.09,23.39,8.33,32.72
ALLIANCE GLOBAL GROUP INC,3,9/30/22,1,1.16,-0.0673,-0.0625,12.58,15.25,124417.84,0.00,0,59.93,22.66,7.64,29.32
ALLIANCE GLOBAL GROUP INC,4,12/29/22,1,1.19,0.1438,0.4424,20.57,15.87,116115.99,12.03,32.19,55.75,26.37,9.73,27.53
ALLIANCE GLOBAL GROUP INC,1,3/31/23,1,1.29,-0.0102,0.0387,21.62,15.68,148231.22,10.36,30.22,61.11,27.09,9.57,30.72
ALLIANCE GLOBAL GROUP INC,2,6/30/23,1,1.21,-0.0049,0.0858,21.23,15.87,169379.7,0.00,0,60.65,28.27,7.32,30.74
AYALA CORPORATION,4,12/29/16,0,6.21,-0.1034,-0.1476,23.53,23.73,240675.17,-4.03,10.23,82.27,372.29,12.81,33.29
AYALA CORPORATION,1,3/31/17,1,5.74,0.0689,0.1567,26.43,24.42,249854.63,-3.05,10.78,80.19,381.6,14.37,32.87
AYALA CORPORATION,2,6/30/17,0,6.27,0.0727,0.0059,28.05,26.14,263067.86,0.00,0,87.08,394.93,13.67,34.71
AYALA CORPORATION,3,9/29/17,1,6.2,0.0419,0.1412,-5.19,17.6,274888.85,0.00,0,85.29,401.02,12.76,34.32
AYALA CORPORATION,4,12/29/17,0,6.23,0.0474,0.0464,27.41,19.17,296577.2,0.00,0,88.75,407.52,11.96,35.32
AYALA CORPORATION,1,3/28/18,1,6.87,-0.0676,-0.066,25.07,19.79,324955.78,0.00,0,92.99,417.52,11.93,36.73
AYALA CORPORATION,2,6/29/18,1,6.85,-0.0985,-0.0295,20.74,17.6,324884.72,0.00,0,90,445.08,11.61,36.25
AYALA CORPORATION,3,9/28/18,0,6.48,0.0116,0.0087,-10.22,16.34,336444.08,0.00,0,87.88,449.41,14.41,34.41
AYALA CORPORATION,4,12/28/18,0,6.38,0.026,-0.0302,20.43,13.99,346724.28,0.00,0,89.01,472.5,13.04,34.81
AYALA CORPORATION,1,3/29/19,0,6,0.0609,0.0444,53.77,19.08,362383.51,0.00,0,86.22,525.4,45.1,35.5
AYALA CORPORATION,2,6/28/19,0,6.1,0.0099,-0.0489,18.82,17.66,340855.95,-2.51,10.09,77.48,532.97,13.05,32.65
AYALA CORPORATION,3,9/30/19,1,5.4,-0.0276,-0.0106,9.83,22.26,311200.19,0.00,0,83.98,513.19,-14.82,31.79
AYALA CORPORATION,4,12/27/19,0,4.65,0.0047,-0.1119,16.98,20.48,338816.07,-28.33,22.43,88.39,519.75,12.49,33.29
AYALA CORPORATION,1,3/31/20,0,6.66,-0.3191,-0.405,8.7,9.48,357943.19,-17.78,6.57,92.47,514.03,4.1,34.19
AYALA CORPORATION,2,6/30/20,1,6.23,0.1666,0.6624,10.74,7.27,348803.68,-22.74,5.8,85.28,525.34,7.06,32.45
AYALA CORPORATION,3,9/30/20,0,6.16,-0.0553,-0.1133,10.29,7.1,376395.61,0.00,0,85.89,529.12,9.55,33.14
AYALA CORPORATION,4,12/29/20,0,6.09,0.2175,0.2003,12.37,6.21,378684.37,-0.90,4.58,83.62,540.86,10.28,33.03
AYALA CORPORATION,1,3/31/21,0,6.15,-0.0976,-0.1052,11.95,7.35,388183.27,5.56,5.02,87.41,550.85,9.25,36.04
AYALA CORPORATION,2,6/30/21,1,6.21,0.0712,0.0811,19.96,8.83,408927.65,-5.81,6.03,97.14,559.63,16.72,39.33
AYALA CORPORATION,3,9/30/21,1,6.12,0.0074,0.0213,15.82,9.89,414715.48,-2.04,6.79,89.53,573.71,12.86,37.52
AYALA CORPORATION,4,12/31/21,0,5.88,0.0244,0.0171,9.74,9.4,433128.85,-5.21,6.65,89.98,582.86,14.14,37.96
AYALA CORPORATION,1,3/31/22,0,5.02,0.0113,-0.0084,16.87,10.56,454979.99,-11.19,9.94,90.52,577.45,13.61,37.92
AYALA CORPORATION,2,6/30/22,0,5.46,-0.1455,-0.2718,11.8,9.71,490936.77,-3.98,9.02,98.02,581.38,11.1,39.59
AYALA CORPORATION,3,9/30/22,1,5.4,-0.0673,0.0267,6.05,8.02,505782.14,0.00,0,97.91,581.22,4.51,39.42
AYALA CORPORATION,4,12/29/22,0,5.02,0.1438,0.1282,12.21,8.6,523920.86,-14.33,7.79,97.63,594.08,15.48,39.92
AYALA CORPORATION,1,3/31/23,0,4.81,-0.0102,-0.0647,7.66,7.11,520619.73,-15.06,6.83,94.38,622.91,11.3,39.38
AYALA CORPORATION,2,6/30/23,0,4.89,-0.0049,-0.0385,21.34,8.76,521842.03,0.00,0,90.03,642.38,19.94,38.86
AYALA LAND INC,4,12/29/16,0,7.28,-0.1034,-0.1847,23.53,23.73,240675.17,-4.03,10.23,82.27,372.29,12.81,33.29
AYALA LAND INC,1,3/31/17,0,8.05,0.0689,0.0328,26.43,24.42,249854.63,-3.05,10.78,80.19,381.6,14.37,32.87
AYALA LAND INC,2,6/30/17,1,8.43,0.0727,0.2027,28.05,26.14,263067.86,0.00,0,87.08,394.93,13.67,34.71
AYALA LAND INC,3,9/29/17,1,8.17,0.0419,0.0943,-5.19,17.6,274888.85,0.00,0,85.29,401.02,12.76,34.32
AYALA LAND INC,4,12/29/17,0,8.1,0.0474,0.0253,27.41,19.17,296577.2,0.00,0,88.75,407.52,11.96,35.32
AYALA LAND INC,1,3/28/18,0,8.14,-0.0676,-0.0785,25.07,19.79,324955.78,0.00,0,92.99,417.52,11.93,36.73
AYALA LAND INC,2,6/29/18,1,8.5,-0.0985,-0.0779,20.74,17.6,324884.72,0.00,0,90,445.08,11.61,36.25
AYALA LAND INC,3,9/28/18,1,8.41,0.0116,0.0567,-10.22,16.34,336444.08,0.00,0,87.88,449.41,14.41,34.41
AYALA LAND INC,4,12/28/18,0,8.76,0.026,0.0137,20.43,13.99,346724.28,0.00,0,89.01,472.5,13.04,34.81
AYALA LAND INC,1,3/29/19,1,9.8,0.0609,0.1059,53.77,19.08,362383.51,0.00,0,86.22,525.4,45.1,35.5
AYALA LAND INC,2,6/28/19,1,9.81,0.0099,0.1314,18.82,17.66,340855.95,-2.51,10.09,77.48,532.97,13.05,32.65
AYALA LAND INC,3,9/30/19,1,9,-0.0276,-0.0266,9.83,22.26,311200.19,0.00,0,83.98,513.19,-14.82,31.79
AYALA LAND INC,4,12/27/19,0,8.65,0.0047,-0.0799,16.98,20.48,338816.07,-28.33,22.43,88.39,519.75,12.49,33.29
AYALA LAND INC,1,3/31/20,0,8.33,-0.3191,-0.3363,8.7,9.48,357943.19,-17.78,6.57,92.47,514.03,4.1,34.19
AYALA LAND INC,2,6/30/20,0,7.72,0.1666,0.1192,10.74,7.27,348803.68,-22.74,5.8,85.28,525.34,7.06,32.45
AYALA LAND INC,3,9/30/20,0,8.76,-0.0553,-0.1213,10.29,7.1,376395.61,0.00,0,85.89,529.12,9.55,33.14
AYALA LAND INC,4,12/29/20,1,8.12,0.2175,0.3771,12.37,6.21,378684.37,-0.90,4.58,83.62,540.86,10.28,33.03
AYALA LAND INC,1,3/31/21,0,7.97,-0.0976,-0.1601,11.95,7.35,388183.27,5.56,5.02,87.41,550.85,9.25,36.04
AYALA LAND INC,2,6/30/21,0,7.32,0.0712,0.0495,19.96,8.83,408927.65,-5.81,6.03,97.14,559.63,16.72,39.33
AYALA LAND INC,3,9/30/21,0,7.77,0.0074,-0.0707,15.82,9.89,414715.48,-2.04,6.79,89.53,573.71,12.86,37.52
AYALA LAND INC,4,12/31/21,1,7.2,0.0244,0.0955,9.74,9.4,433128.85,-5.21,6.65,89.98,582.86,14.14,37.96
AYALA LAND INC,1,3/31/22,0,6.14,0.0113,-0.045,16.87,10.56,454979.99,-11.19,9.94,90.52,577.45,13.61,37.92
AYALA LAND INC,2,6/30/22,0,5.82,-0.1455,-0.2725,11.8,9.71,490936.77,-3.98,9.02,98.02,581.38,11.1,39.59
AYALA LAND INC,3,9/30/22,0,6.88,-0.0673,-0.1039,6.05,8.02,505782.14,0.00,0,97.91,581.22,4.51,39.42
AYALA LAND INC,4,12/29/22,1,5.88,0.1438,0.3479,12.21,8.6,523920.86,-14.33,7.79,97.63,594.08,15.48,39.92
AYALA LAND INC,1,3/31/23,0,5.38,-0.0102,-0.1396,7.66,7.11,520619.73,-15.06,6.83,94.38,622.91,11.3,39.38
AYALA LAND INC,2,6/30/23,0,6.64,-0.0049,-0.083,21.34,8.76,521842.03,0.00,0,90.03,642.38,19.94,38.86
BANK OF THE PHILIPPINE ISLAN,4,12/29/16,0,5.36,-0.1034,-0.1543,44.67,17.44,-271836.28,-7.20,7.18,35.37,38.93,34.82,3.56
BANK OF THE PHILIPPINE ISLAN,1,3/31/17,1,5.27,0.0689,0.1396,37.99,15.94,-262291.78,-1.03,6.51,24.42,39.3,31.29,2.51
BANK OF THE PHILIPPINE ISLAN,2,6/30/17,0,4.82,0.0727,0.0277,39.24,15.95,-264023.9,0.00,0,27.01,40.56,30.26,2.73
BANK OF THE PHILIPPINE ISLAN,3,9/29/17,0,5.04,0.0419,-0.0438,43.96,16.59,-239337,0.00,0,46.16,40.94,33.14,4.45
BANK OF THE PHILIPPINE ISLAN,4,12/29/17,1,5.86,0.0474,0.087,42.91,15.82,-253948.2,0.00,0,34.76,42.94,33.86,3.49
BANK OF THE PHILIPPINE ISLAN,1,3/28/18,1,5.62,-0.0676,0.0823,32.87,13.63,-247556.58,0.00,0,21.96,48.86,25.46,2.8
BANK OF THE PHILIPPINE ISLAN,2,6/29/18,0,5.23,-0.0985,-0.2436,40.02,13.68,-182400.84,0.00,0,41.07,50.13,30.43,5.21
BANK OF THE PHILIPPINE ISLAN,3,9/28/18,0,5.76,0.0116,-0.0588,39.82,13.89,-145354,0.00,0,67.94,50.66,30.75,8.2
BANK OF THE PHILIPPINE ISLAN,4,12/28/18,1,4.86,0.026,0.1285,39.12,13.8,-162971.43,0.00,0,54.56,52.35,29.5,6.81
BANK OF THE PHILIPPINE ISLAN,1,3/29/19,0,4.48,0.0609,-0.1043,39.92,13.56,-147820.68,0.00,0,53.09,52.92,30.34,6.54
BANK OF THE PHILIPPINE ISLAN,2,6/28/19,0,5.45,0.0099,-0.0677,44.6,14.48,-122485.35,-10.03,8.67,57.67,54.54,33.04,7.36
BANK OF THE PHILIPPINE ISLAN,3,9/30/19,1,5.14,-0.0276,0.1847,42.42,14.81,-146244,0.00,0,56.32,54.89,31.85,6.97
BANK OF THE PHILIPPINE ISLAN,4,12/27/19,0,5.23,0.0047,-0.0548,34.27,14.31,-172332.45,5.08,13.6,53.03,55.45,25.87,6.68
BANK OF THE PHILIPPINE ISLAN,1,3/31/20,1,5.25,-0.3191,-0.2969,18.87,12.53,-237431.51,3.50,10.39,49.15,56.69,19.67,6.14
BANK OF THE PHILIPPINE ISLAN,2,6/30/20,0,4.92,0.1666,0.165,28.24,10.7,-164481.27,3.70,10.22,54.45,57.72,22.32,7.1
BANK OF THE PHILIPPINE ISLAN,3,9/30/20,0,5.15,-0.0553,-0.1111,20.53,9.38,-178133,0.00,0,54.42,56.9,16.48,6.87
BANK OF THE PHILIPPINE ISLAN,4,12/29/20,1,5.7,0.2175,0.2711,36.56,9.47,-154780.44,5.86,7.12,47.07,57.09,20.58,6.15
BANK OF THE PHILIPPINE ISLAN,1,3/31/21,1,5.8,-0.0976,0.0018,36.26,10.54,-185167.28,3.58,7.43,46.03,58.13,28.63,6.09
BANK OF THE PHILIPPINE ISLAN,2,6/30/21,1,5.26,0.0712,0.0883,31.32,10.49,-285900.95,19.42,8.21,32.35,59.34,24.07,4.21
BANK OF THE PHILIPPINE ISLAN,3,9/30/21,0,5.77,0.0074,-0.0817,33.57,11.71,-273402,15.58,8.06,32.52,59.59,24.84,3.96
BANK OF THE PHILIPPINE ISLAN,4,12/31/21,1,6.05,0.0244,0.1314,40.51,12.03,-178341.92,6.84,7.77,36.68,61,31.48,4.66
BANK OF THE PHILIPPINE ISLAN,1,3/31/22,1,6.04,0.0113,0.0808,51.17,14.51,-208163.26,15.61,11.19,27.13,61.83,38.61,3.37
BANK OF THE PHILIPPINE ISLAN,2,6/30/22,0,6.74,-0.1455,-0.1486,43.85,16.04,-181873.87,4.50,12.01,28.07,63.72,33.87,3.5
BANK OF THE PHILIPPINE ISLAN,3,9/30/22,1,6.74,-0.0673,0.0554,37.28,16.82,-179664,0.00,0,31.39,64.61,29.36,3.86
BANK OF THE PHILIPPINE ISLAN,4,12/29/22,0,7.33,0.1438,0.1397,49.35,17.97,-231715.45,3.92,11.52,30.58,73.19,38.26,3.82
BANK OF THE PHILIPPINE ISLAN,1,3/31/23,1,7.76,-0.0102,0.0049,48.85,17.74,-186124.98,-2.49,10.84,32.55,67.96,38.44,4.1
BANK OF THE PHILIPPINE ISLAN,2,6/30/23,1,8.13,-0.0049,0.0615,48.33,18.33,-182366.83,0.00,0,29.76,70.7,38.16,3.86
BDO UNIBANK INC,4,12/29/16,1,6.53,-0.1034,0.0209,25.33,14.17,-358451,-7.98,7.02,32.5,52.77,19.54,3.83
BDO UNIBANK INC,1,3/31/17,0,6.49,0.0689,0.0491,29.6,13.54,-297299,-12.01,6.33,36.79,54.07,23.26,4.31
BDO UNIBANK INC,2,6/30/17,0,6.54,0.0727,0.0544,29.17,14.03,-327281,0.00,0,45.38,55.1,21.64,5.1
BDO UNIBANK INC,3,9/29/17,1,7.89,0.0419,0.054,31.93,14.9,-314364,0.00,0,43.74,55.76,22.43,4.89
BDO UNIBANK INC,4,12/29/17,1,7.08,0.0474,0.2548,24.65,13.38,-311438,0.00,0,50.49,56.01,17.77,5.41
BDO UNIBANK INC,1,3/28/18,0,6.94,-0.0676,-0.1524,28.81,13.42,-324731,0.00,0,47.37,56.75,20.37,5
BDO UNIBANK INC,2,6/29/18,1,6.54,-0.0985,-0.0971,30.14,13.79,-299799,0.00,0,47.57,58.28,21.75,5.08
BDO UNIBANK INC,3,9/28/18,0,6.96,0.0116,-0.0454,32.82,14.2,-319550,0.00,0,43.77,61.39,26.98,4.75
BDO UNIBANK INC,4,12/28/18,1,6.71,0.026,0.0918,30.48,15.49,-247830,0.00,0,54.86,63.33,22.92,6.16
BDO UNIBANK INC,1,3/29/19,0,6.94,0.0609,0.0229,31.85,16.26,-238222,0.00,0,50.39,65.5,23.7,5.77
BDO UNIBANK INC,2,6/28/19,1,7.29,0.0099,0.0463,33.71,16.93,-232377,-2.95,8.89,49,67.96,25.91,5.77
BDO UNIBANK INC,3,9/30/19,1,8.03,-0.0276,0.0214,35.19,17.26,-222539,0.00,0,51.16,69.19,25.49,5.95
BDO UNIBANK INC,4,12/27/19,1,7.62,0.0047,0.1049,28.34,16.95,-258478,-1.24,13.11,53.37,69.49,19.18,6.04
BDO UNIBANK INC,1,3/31/20,0,6.21,-0.3191,-0.3449,-0.5,12.76,-336747,0.30,10.54,48.78,68.57,-9.36,5.4
BDO UNIBANK INC,2,6/30/20,0,5.76,0.1666,-0.0531,35.88,12.57,-296586,-4.49,12.2,51.84,70.69,26.95,5.93
BDO UNIBANK INC,3,9/30/20,0,5.88,-0.0553,-0.1199,48.86,12.27,-227331,0.00,0,56.34,73.47,33.62,6.56
BDO UNIBANK INC,4,12/29/20,1,6.2,0.2175,0.2383,28.26,12.23,-335870,-3.01,10.46,51.7,74.91,21.92,6.1
BDO UNIBANK INC,1,3/31/21,1,6.43,-0.0976,-0.0449,27.83,15.58,-270674,-5.14,12.08,49.44,77.14,23.6,5.89
BDO UNIBANK INC,2,6/30/21,1,6.21,0.0712,0.1098,29.89,14.63,-255863,-1.49,11.93,49.31,78.97,23.01,5.88
BDO UNIBANK INC,3,9/30/21,0,6.57,0.0074,-0.023,44.87,13.87,-227585,3.92,10.56,51,79.39,30.86,5.98
BDO UNIBANK INC,4,12/31/21,1,7,0.0244,0.0913,29.65,14.04,-239290,-3.42,9.88,56.18,80.39,23.2,6.58
BDO UNIBANK INC,1,3/31/22,1,6.84,0.0113,0.0994,30.04,14.5,-270409,3.00,12.49,49.28,80.92,22.97,5.61
BDO UNIBANK INC,2,6/30/22,0,7.3,-0.1455,-0.1673,34.84,15.49,-283543,11.04,13.55,41.17,83.11,27.89,4.74
BDO UNIBANK INC,3,9/30/22,1,7.29,-0.0673,0.009,60.08,16.81,-315254,0.00,0,45.99,86.08,46.2,5.21
BDO UNIBANK INC,4,12/29/22,0,8.8,0.1438,-0.052,34.82,17.94,-334245,12.10,10.75,37.97,88.81,26.48,4.42
BDO UNIBANK INC,1,3/31/23,1,9.4,-0.0102,0.2157,36.61,19.37,-289655,6.99,11.13,36.39,91.39,28.61,4.29
BDO UNIBANK INC,2,6/30/23,1,9.87,-0.0049,0.0716,35.87,19.76,-327405,0.00,0,36.27,93.83,27.66,4.25
DMCI HOLDINGS INC,4,12/29/16,1,1.21,-0.1034,0.0995,34.89,30.32,15696.19,3.64,13.71,46.68,5.37,21.6,24.35
DMCI HOLDINGS INC,1,3/31/17,0,1.43,0.0689,-0.1403,29.67,32.1,22933.46,4.26,11.36,45.51,5.27,19.65,24.63
DMCI HOLDINGS INC,2,6/30/17,1,1.51,0.0727,0.2368,27.47,31.83,22496.82,0.00,0,44.54,5.6,19.06,24.11
DMCI HOLDINGS INC,3,9/29/17,1,1.32,0.0419,0.1064,17.36,30.46,14184.91,0.00,0,42.21,5.75,14.26,23
DMCI HOLDINGS INC,4,12/29/17,0,1.2,0.0474,-0.0769,32.34,30.26,13226.9,0.00,0,45.01,5.59,20.93,23.34
DMCI HOLDINGS INC,1,3/28/18,0,1.14,-0.0676,-0.1556,24.57,30.13,20164.9,0.00,0,38.04,5.95,19.85,21.44
DMCI HOLDINGS INC,2,6/29/18,0,1.23,-0.0985,-0.1365,13.47,24.11,19324.95,0.00,0,38.29,6.12,11.9,21.97
DMCI HOLDINGS INC,3,9/28/18,1,1.34,0.0116,0.0838,17.19,23.86,26039.37,0.00,0,42.77,5.92,13.45,22.76
DMCI HOLDINGS INC,4,12/28/18,1,1.19,0.026,0.123,17.96,19.85,24811.58,0.00,0,42.66,6.13,13.94,22.48
DMCI HOLDINGS INC,1,3/29/19,0,1.01,0.0609,-0.061,20.87,18.59,30250.37,0.00,0,47.39,5.94,15.32,24.17
DMCI HOLDINGS INC,2,6/28/19,0,0.84,0.0099,-0.1417,13.61,19.05,30785.66,0.54,14.05,49.49,6.14,12.79,25.39
DMCI HOLDINGS INC,3,9/30/19,0,0.66,-0.0276,-0.1932,18.14,19.32,25445.87,0.00,0,45.75,6.21,5.68,23.43
DMCI HOLDINGS INC,4,12/27/19,0,0.55,0.0047,-0.2046,2.65,15.68,31820.92,-8.47,24.76,55.3,5.77,4.36,25.34
DMCI HOLDINGS INC,1,3/31/20,0,0.51,-0.3191,-0.4297,16.61,11.79,38104.89,-0.31,16.99,54.33,5.88,12.06,26.43
DMCI HOLDINGS INC,2,6/30/20,0,0.53,0.1666,0.0875,11.88,10.38,35673.07,8.04,15.78,52.58,6.02,10.4,25.71
DMCI HOLDINGS INC,3,9/30/20,1,0.62,-0.0553,-0.0244,10.05,8.36,33039.32,0.00,0,51.34,6.15,8.19,25.42
DMCI HOLDINGS INC,4,12/29/20,1,0.67,0.2175,0.415,21.9,15.01,32156.31,11.49,15.9,51.84,5.99,17.78,24
DMCI HOLDINGS INC,1,3/31/21,1,0.71,-0.0976,-0.0194,20.85,19.62,36398.46,4.37,19.13,53.08,6.38,17.58,25.94
DMCI HOLDINGS INC,2,6/30/21,1,0.79,0.0712,0.1333,20.32,22.75,31687.26,3.02,20.36,50.53,6.68,15.15,25.47
DMCI HOLDINGS INC,3,9/30/21,1,0.83,0.0074,0.1288,27.51,29.03,34723.09,11.36,24.02,48.75,6.61,17.37,24.66
DMCI HOLDINGS INC,4,12/31/21,1,0.94,0.0244,0.0859,40.9,41.73,24491.2,8.12,31.07,43.4,7.46,25.73,22.91
DMCI HOLDINGS INC,1,3/31/22,1,1.08,0.0113,0.1712,35.11,47.51,16454.77,11.44,37.82,41.97,7.66,23.95,22.94
DMCI HOLDINGS INC,2,6/30/22,1,1.28,-0.1455,-0.0233,33.78,50.59,12110.49,10.21,38.09,38.65,8.21,22.35,21.99
DMCI HOLDINGS INC,3,9/30/22,1,1.36,-0.0673,0.1213,0,0,0,0.00,0,0,NA,17.66,0
DMCI HOLDINGS INC,4,12/29/22,1,1.3,0.1438,0.2133,36.22,0,17267.5,0.00,0,40.8,7.65,23.06,20.74
DMCI HOLDINGS INC,1,3/31/23,0,1.02,-0.0102,-0.0417,33.73,0,13506.77,0.00,0,36.53,8.27,22.3,20.59
DMCI HOLDINGS INC,2,6/30/23,0,1.19,-0.0049,-0.2122,18.14,0,10872.35,0.00,0,33.78,8.58,18.23,19.72
EMPERADOR INC,4,12/29/16,1,0,-0.1034,-0.0345,20.77,19.25,13111.71,1.59,10.02,48.77,3.15,16.68,25.66
EMPERADOR INC,1,3/31/17,0,0,0.0689,0,17.95,17.28,17975.59,2.18,7.36,51.99,3.23,13.16,28.2
EMPERADOR INC,2,6/30/17,0,0,0.0727,0,22.04,18,18876.22,0.00,0,52.21,3.3,18.45,28.24
EMPERADOR INC,3,9/29/17,0,0,0.0419,0,17.34,14.93,27967.55,0.00,0,65.38,3.56,12.44,34.2
EMPERADOR INC,4,12/29/17,0,0,0.0474,0,19.81,14.82,21745.19,0.00,0,55.23,3.77,16.27,29.03
EMPERADOR INC,1,3/28/18,1,0,-0.0676,0,19.55,15.25,1560.14,0.00,0,15.83,3.73,16.45,8.37
EMPERADOR INC,2,6/29/18,1,0,-0.0985,0,20.83,15.16,27937.69,0.00,0,55.27,3.88,17.61,29.63
EMPERADOR INC,3,9/28/18,0,0,0.0116,0,18.88,15.66,31836.66,0.00,0,64,3.78,9.23,33.33
EMPERADOR INC,4,12/28/18,0,0,0.026,0,20.12,15.4,23720.81,0.00,0,52.53,4.01,15.76,27.84
EMPERADOR INC,1,3/29/19,0,0,0.0609,0,17.02,15.35,4691.51,0.00,0,17.44,4.01,14.51,9.42
EMPERADOR INC,2,6/28/19,0,0,0.0099,0,22.03,15.52,26128.56,1.09,8.69,49.49,4.15,16.33,26.9
EMPERADOR INC,3,9/30/19,1,0,-0.0276,0,14.34,14.9,31501.17,0.00,0,60.64,4.05,8.2,31.13
EMPERADOR INC,4,12/27/19,0,0,0.0047,0,17.47,13.93,26711.07,4.98,7.02,54.52,4.15,13.68,30.13
EMPERADOR INC,1,3/31/20,1,0,-0.3191,0,20.96,14.78,28158.49,4.80,7.18,52.99,4.15,17.18,29.15
EMPERADOR INC,2,6/30/20,0,0,0.1666,0,24.27,15.15,27672.67,4.96,6.25,53.13,4.18,19.67,29.51
EMPERADOR INC,3,9/30/20,1,0,-0.0553,0,14.72,15.31,27673.27,0.00,0,52.38,4.22,11.42,28.82
EMPERADOR INC,4,12/29/20,0,0,0.2175,0,21.78,16.37,24815.62,4.12,6.66,51.33,4.1,17.26,27.77
EMPERADOR INC,1,3/31/21,1,0,-0.0976,0,33.9,19.38,26303.13,5.03,6.41,47.05,4.39,22.63,26.49
EMPERADOR INC,2,6/30/21,0,0,0.0712,0,22.47,18.77,25125.31,3.73,4.57,45.52,4.49,16.7,25.98
EMPERADOR INC,3,9/30/21,0,0,0.0074,0,20.64,18.96,16597.3,3.73,4.15,32.95,4.94,15.43,20.18
EMPERADOR INC,4,12/31/21,0,0,0.0244,0,21.38,18.6,13982.01,3.92,6.16,33.32,5.11,17.01,20.29
EMPERADOR INC,1,3/31/22,0,0,0.0113,0,24.84,17.25,11834.11,1.86,4.34,29.63,5.26,19.97,18.46
EMPERADOR INC,2,6/30/22,1,0,-0.1455,0,17.58,16.27,11460.88,1.32,4.18,27.58,5.45,13.35,17.61
EMPERADOR INC,3,9/30/22,1,0,-0.0673,0,15.97,14.92,11379.86,0.00,0,27.54,5.55,14.29,17.28
EMPERADOR INC,4,12/29/22,0,0,0.1438,0,19.7,14.93,10684.58,0.15,3.9,28.59,5.75,14.87,17.73
EMPERADOR INC,1,3/31/23,1,0,-0.0102,0,21.03,14.09,14889.32,1.51,3.65,27.91,5.67,15.56,18.05
EMPERADOR INC,2,6/30/23,1,0,-0.0049,0,19.1,14.18,16197.46,0.00,0,27.25,5.84,12.84,17.98
FIRST GEN CORPORATION,4,12/29/16,0,0.68,-0.1034,-0.1218,32.88,30.52,2020.16,21.72,32.93,125.92,0.44,9.63,50.02
FIRST GEN CORPORATION,1,3/31/17,0,0.64,0.0689,-0.0477,26.76,30.54,2024.31,0.95,36.66,134.74,0.44,3.93,52.11
FIRST GEN CORPORATION,2,6/30/17,0,0.61,0.0727,-0.0979,22.13,27.7,1729.91,0.00,0,117.5,0.49,10.03,48.97
FIRST GEN CORPORATION,3,9/29/17,0,0.52,0.0419,0.0011,22.64,26.23,1805.87,0.00,0,101.97,0.5,7.81,45.68
FIRST GEN CORPORATION,4,12/29/17,0,0.56,0.0474,-0.1015,25.78,25.02,1686.6,0.00,0,100.64,0.49,8.45,45.25
FIRST GEN CORPORATION,1,3/28/18,1,0.52,-0.0676,0,24.34,25.42,1581.16,0.00,0,96.52,0.49,9.17,44.34
FIRST GEN CORPORATION,2,6/29/18,0,0.6,-0.0985,-0.1494,26.67,27.13,1576.27,0.00,0,97.99,0.47,13.25,44.55
FIRST GEN CORPORATION,3,9/28/18,1,0.7,0.0116,0.1591,24.81,27.92,1650.78,0.00,0,97.88,0.5,13.58,43.93
FIRST GEN CORPORATION,4,12/28/18,1,0.72,0.026,0.1921,29.71,29.5,1508.12,0.00,0,89.89,0.51,15.19,41.99
FIRST GEN CORPORATION,1,3/29/19,1,0.87,0.0609,0.0911,26.31,30.64,1434.54,0.00,0,82.08,0.53,14.72,39.47
FIRST GEN CORPORATION,2,6/28/19,1,0.82,0.0099,0.2294,22.63,30.13,1310.57,44.09,32.55,80.59,0.55,10.76,39.74
FIRST GEN CORPORATION,3,9/30/19,0,0.8,-0.0276,-0.0821,22.09,28.33,1279.83,0.00,0,74.65,0.57,14.17,37.13
FIRST GEN CORPORATION,4,12/27/19,0,0.8,0.0047,-0.0183,29.05,26.37,1176.63,38.31,45.25,72.02,0.59,13.53,36.6
FIRST GEN CORPORATION,1,3/31/20,1,1.02,-0.3191,-0.3168,27.52,24.27,1142,13.96,28.4,69.55,0.6,14.81,35.49
FIRST GEN CORPORATION,2,6/30/20,1,1.02,0.1666,0.4848,26.85,23.43,993.18,7.00,29.03,70.91,0.63,14.86,37.16
FIRST GEN CORPORATION,3,9/30/20,1,1.01,-0.0553,-0.0469,32.51,24.24,1133.8,0.00,0,66.29,0.65,17.07,34.33
FIRST GEN CORPORATION,4,12/29/20,0,1.2,0.2175,0.2056,31.77,24.78,1017.26,12.60,24.73,63.57,0.64,17.4,34.22
FIRST GEN CORPORATION,1,3/31/21,1,1.12,-0.0976,0.0693,21.12,24.06,917.01,9.86,24.75,63.76,0.64,10.94,33.59
FIRST GEN CORPORATION,2,6/30/21,0,1.25,0.0712,-0.0033,22.2,23.91,845.96,13.80,23.24,61.83,0.64,12.13,33.29
FIRST GEN CORPORATION,3,9/30/21,1,0.99,0.0074,0.1317,15.66,20.65,883.91,13.83,25,58.4,0.65,7.99,31.55
FIRST GEN CORPORATION,4,12/31/21,0,0.91,0.0244,-0.1797,21.28,19.29,877.01,1.88,24.9,57.97,0.67,11,31.68
FIRST GEN CORPORATION,1,3/31/22,0,0.69,0.0113,-0.0521,17.4,19.54,729.11,8.22,41.27,58.02,0.65,8.47,30.93
FIRST GEN CORPORATION,2,6/30/22,0,0.7,-0.1455,-0.3598,20.19,21.15,769.4,10.38,47.99,59.41,0.61,9.05,31.9
FIRST GEN CORPORATION,3,9/30/22,1,0.64,-0.0673,-0.0367,21.38,22.78,777.18,0.00,0,54.67,0.65,10.99,30.1
FIRST GEN CORPORATION,4,12/29/22,0,0.62,0.1438,0.0405,26.7,24.13,542.9,18.74,53.25,52,0.68,13.68,28.98
FIRST GEN CORPORATION,1,3/31/23,0,0.7,-0.0102,-0.0201,24.21,25.65,546.38,21.55,50.82,50.35,0.69,12.16,28.52
FIRST GEN CORPORATION,2,6/30/23,1,0.71,-0.0049,0.1241,24.68,26.27,534.05,0.00,0,49.23,0.7,13.31,28.23
GLOBE TELECOM INC,4,12/29/16,0,1.66,-0.1034,-0.2603,20.51,43.51,99872.78,-9.12,9.8,168.22,462.39,11.45,42.78
GLOBE TELECOM INC,1,3/31/17,1,1.73,0.0689,0.3466,20.94,42.3,114061.74,-8.22,9.64,189.41,469.54,12.84,46.82
GLOBE TELECOM INC,2,6/30/17,0,1.66,0.0727,0.0079,18.71,42.3,119025.9,0.00,0,190.25,483.15,14.45,47.29
GLOBE TELECOM INC,3,9/29/17,0,1.45,0.0419,0.001,19.13,42.41,120306.49,0.00,0,197.62,479.12,5.97,47.35
GLOBE TELECOM INC,4,12/29/17,0,1.33,0.0474,-0.0732,23.48,45.68,121545.71,0.00,0,196.36,468.53,12.68,46.67
GLOBE TELECOM INC,1,3/28/18,0,1.44,-0.0676,-0.1463,24.4,47.78,123398.04,0.00,0,198.67,485.38,14.1,47.87
GLOBE TELECOM INC,2,6/29/18,1,2.03,-0.0985,-0.0506,23.3,49.81,121953.46,0.00,0,192.53,501.48,12.97,47.66
GLOBE TELECOM INC,3,9/28/18,1,1.71,0.0116,0.4286,18.93,49.94,125055.51,0.00,0,202.73,527.47,9.73,49.51
GLOBE TELECOM INC,4,12/28/18,0,1.64,0.026,-0.1364,29.01,53.6,125168.97,0.00,0,184.29,555.3,16.57,47.79
GLOBE TELECOM INC,1,3/29/19,0,1.9,0.0609,0.02,24.65,53.27,123626.54,0.00,0,171.66,569.3,13,45.93
GLOBE TELECOM INC,2,6/28/19,1,1.58,0.0099,0.1672,24.17,53.63,123645.98,6.06,16.21,166.49,586.74,13.45,44.99
GLOBE TELECOM INC,3,9/30/19,0,1.74,-0.0276,-0.191,19.99,53.95,131228.26,0.00,0,171.73,585.9,10.61,45.85
GLOBE TELECOM INC,4,12/27/19,1,2.4,0.0047,0.1038,27.99,51.2,133995.31,3.23,15.71,175.57,610.49,15.98,46.68
GLOBE TELECOM INC,1,3/31/20,1,2.22,-0.3191,-0.0446,22.44,48.32,139354.32,2.20,14.05,180.84,614.26,13.03,47.44
GLOBE TELECOM INC,2,6/30/20,0,2.35,0.1666,0.0725,21.18,45.46,135314.93,-6.83,13.44,194.32,622.89,10.76,48.84
GLOBE TELECOM INC,3,9/30/20,1,1.89,-0.0553,0.0048,9.77,40.73,149808.71,0.00,0,204.48,595.64,6.62,49.83
GLOBE TELECOM INC,4,12/29/20,0,1.93,0.2175,-0.024,21.01,35.7,158948.83,-3.89,12,197.27,633.22,17.05,49.14
GLOBE TELECOM INC,1,3/31/21,1,1.77,-0.0976,-0.0739,23.06,36.73,174723.25,-7.55,12.71,213.34,638.37,13.67,50.43
GLOBE TELECOM INC,2,6/30/21,0,2.84,0.0712,-0.0213,21.04,38.59,208770.18,-3.42,7.87,276.3,574.99,11.77,53.25
GLOBE TELECOM INC,3,9/30/21,1,3.06,0.0074,0.6217,11.16,33.24,205693.72,-12.11,7.23,201,827.03,13.59,50.15
GLOBE TELECOM INC,4,12/31/21,1,2.27,0.0244,0.1133,18.81,30.07,225749.27,-16.58,9.22,193.55,899.94,31.33,49.96
GLOBE TELECOM INC,1,3/31/22,0,2.37,0.0113,-0.2354,20.83,29.31,248282.99,-19.46,10.17,210.33,907.77,13.72,52.33
GLOBE TELECOM INC,2,6/30/22,1,2.25,-0.1455,-0.1071,23.46,31.44,269229.43,-17.86,11.69,221.3,940.9,15.87,53.81
GLOBE TELECOM INC,3,9/30/22,0,2.12,-0.0673,-0.1049,51.14,38.29,269402.47,0.00,0,188.44,"1,043.99",18.08,51.73
GLOBE TELECOM INC,4,12/29/22,0,1.8,0.1438,0.0739,26.9,39.17,281323.84,-3.19,20.87,189.78,"1,073.41",16.11,51.17
GLOBE TELECOM INC,1,3/31/23,0,1.67,-0.0102,-0.145,25.09,40.1,301320.05,-0.65,22.34,205.2,"1,088.66",15.9,53.32
GLOBE TELECOM INC,2,6/30/23,0,1.76,-0.0049,-0.0714,19.96,38.68,312956.71,0.00,0,204.58,"1,099.44",11.22,53.27
GT CAPITAL HOLDINGS INC,4,12/29/16,0,2.33,-0.1034,-0.1181,8.22,12.57,57326,-7.44,6.6,59.23,596.61,6.71,31.34
GT CAPITAL HOLDINGS INC,1,3/31/17,0,2.55,0.0689,-0.0984,10.67,11.66,67780,-5.74,6.77,49.96,667.93,7.32,28.47
GT CAPITAL HOLDINGS INC,2,6/30/17,0,2.34,0.0727,0.0568,8.73,11.34,64082,0.00,0,49.69,685.12,6.11,28.31
GT CAPITAL HOLDINGS INC,3,9/29/17,0,2.47,0.0419,-0.0405,5.77,14.52,64974,0.00,0,50.32,672.57,5.08,28.41
GT CAPITAL HOLDINGS INC,4,12/29/17,1,2.4,0.0474,0.1128,8.73,13.84,64657,0.00,0,61.72,784.57,8.91,32.93
GT CAPITAL HOLDINGS INC,1,3/28/18,0,2.07,-0.0676,-0.0952,7.04,10.86,114654,0.00,0,74.18,697.93,6.54,36.91
GT CAPITAL HOLDINGS INC,2,6/29/18,0,1.87,-0.0985,-0.2216,6.78,9.68,115011,0.00,0,71.25,730.12,7.14,35.97
GT CAPITAL HOLDINGS INC,3,9/28/18,0,2.17,0.0116,-0.0989,4.79,8.68,109985,0.00,0,70.56,719.62,5.11,35.67
GT CAPITAL HOLDINGS INC,4,12/28/18,1,1.95,0.026,0.189,7.32,7.87,108229,0.00,0,68.23,748.5,8.33,34.82
GT CAPITAL HOLDINGS INC,1,3/29/19,0,1.95,0.0609,-0.0446,9.28,8.39,112176,0.00,0,68.78,714.24,7.23,34.96
GT CAPITAL HOLDINGS INC,2,6/28/19,0,1.94,0.0099,0.0091,9.7,9.14,110575,-2.70,7.79,68.31,811.27,14.5,34.89
GT CAPITAL HOLDINGS INC,3,9/30/19,0,1.94,-0.0276,-0.1043,4.26,9.27,107432,0.00,0,65.64,818.69,9.35,34.74
GT CAPITAL HOLDINGS INC,4,12/27/19,1,1.35,0.0047,0.0059,7.95,9.02,99605,-11.81,16.62,67.4,815.01,7.1,34.72
GT CAPITAL HOLDINGS INC,1,3/31/20,0,1.3,-0.3191,-0.5195,-2.02,5.87,120042,-20.68,10.11,73.94,836.82,1.71,37.7
GT CAPITAL HOLDINGS INC,2,6/30/20,0,1.16,0.1666,0.116,6.97,4,115776,-11.01,8.17,70.76,831.02,1.56,36.05
GT CAPITAL HOLDINGS INC,3,9/30/20,0,1.45,-0.0553,-0.1493,6.56,4.34,122685,0.00,0,74.67,845.78,7.33,37.28
GT CAPITAL HOLDINGS INC,4,12/29/20,1,1.43,0.2175,0.514,7.82,4.51,109364,-5.53,7.23,67.94,856.84,9.97,35.23
GT CAPITAL HOLDINGS INC,1,3/31/21,0,1.56,-0.0976,-0.1077,7.98,6.1,110845,2.51,8.65,67.92,881.89,7.06,34.92
GT CAPITAL HOLDINGS INC,2,6/30/21,1,1.29,0.0712,0.1628,5.81,6.07,115635,-6.27,10.27,68.98,893.06,5.36,35.59
GT CAPITAL HOLDINGS INC,3,9/30/21,0,1.33,0.0074,-0.1598,1.84,4.85,115266,1.49,7.84,68.94,895.68,5.31,35.54
GT CAPITAL HOLDINGS INC,4,12/31/21,1,1.32,0.0244,0.0588,7.04,4.99,112008,-5.32,7.95,67.29,898.93,8.7,34.9
GT CAPITAL HOLDINGS INC,1,3/31/22,1,1.37,0.0113,0.0222,5.12,4.79,108086,-1.60,8.73,66.94,899.88,7.5,34.47
GT CAPITAL HOLDINGS INC,2,6/30/22,1,1.23,-0.1455,-0.1141,8.92,6.21,108461,1.97,13.6,65.24,924.86,11.54,33.91
GT CAPITAL HOLDINGS INC,3,9/30/22,0,1.13,-0.0673,-0.1501,4.32,7.09,115299,0.00,0,70.64,931.44,5.68,36.07
GT CAPITAL HOLDINGS INC,4,12/29/22,0,1.33,0.1438,0.0467,10.4,8.39,116494,-13.54,15.25,65.8,975.62,10.61,34.03
GT CAPITAL HOLDINGS INC,1,3/31/23,1,1.32,-0.0102,0.1862,14.97,12,101934,-2.87,22.48,56.97,"1,027.64",13.97,30.91
GT CAPITAL HOLDINGS INC,2,6/30/23,1,1.49,-0.0049,-0.0019,7.15,11.45,101708,0.00,0,53.26,"1,071.00",9.63,29.35
INTL CONTAINER TERM SVCS INC,4,12/29/16,1,2.64,-0.1034,-0.0656,36.37,24.2,1131.38,-1.79,11,76.66,0.83,17.41,33.7
INTL CONTAINER TERM SVCS INC,1,3/31/17,1,2.72,0.0689,0.2495,32.08,25.06,1189.11,0.37,10.16,81.91,0.8,16.93,34.94
INTL CONTAINER TERM SVCS INC,2,6/30/17,1,2.77,0.0727,0.0879,31.52,24.13,1149.8,0.00,0,79.11,0.84,14.52,34.32
INTL CONTAINER TERM SVCS INC,3,9/29/17,1,2.66,0.0419,0.0634,30.34,24.28,1215.08,0.00,0,79.81,0.84,10.06,34.19
INTL CONTAINER TERM SVCS INC,4,12/29/17,0,2.71,0.0474,0.0144,39.35,22.19,806.64,0.00,0,62.87,1.05,12.57,30.49
INTL CONTAINER TERM SVCS INC,1,3/28/18,1,2.31,-0.0676,-0.0521,36.76,24.66,909.9,0.00,0,59.89,1,14.67,28.59
INTL CONTAINER TERM SVCS INC,2,6/29/18,0,2.78,-0.0985,-0.227,39.17,25.7,891.46,0.00,0,58.17,1.02,15.31,28.07
INTL CONTAINER TERM SVCS INC,3,9/28/18,1,2.88,0.0116,0.2173,37.63,30.34,1997.12,0.00,0,125.48,0.89,16.99,44.82
INTL CONTAINER TERM SVCS INC,4,12/28/18,1,3.55,0.026,0.0627,43.03,28.59,2414.97,0.00,0,135.7,0.9,18.87,47.67
INTL CONTAINER TERM SVCS INC,1,3/29/19,1,3.93,0.0609,0.307,39.14,33.27,2725.89,0.00,0,182.05,0.75,15.24,52.87
INTL CONTAINER TERM SVCS INC,2,6/28/19,1,3.32,0.0099,0.1201,39.97,32.9,2428.15,0.12,12.69,162.57,0.76,15.86,50.23
INTL CONTAINER TERM SVCS INC,3,9/30/19,0,3.54,-0.0276,-0.1776,38.46,36.61,2616.97,0.00,0,174.47,0.74,-22.59,49.59
INTL CONTAINER TERM SVCS INC,4,12/27/19,1,2.98,0.0047,0.0681,41.63,37.69,2388.42,5.96,19.91,193.3,0.65,15.86,50.4
INTL CONTAINER TERM SVCS INC,1,3/31/20,0,3.52,-0.3191,-0.4191,42.74,41.98,2580.72,12.04,14.33,193.86,0.66,15.43,51.58
INTL CONTAINER TERM SVCS INC,2,6/30/20,1,3.96,0.1666,0.3722,44.38,38.92,2346.02,1.18,13.65,160.92,0.82,18.25,49.22
INTL CONTAINER TERM SVCS INC,3,9/30/20,1,3.68,-0.0553,0.0702,43.04,41.06,2267.25,0.00,0,161.26,0.82,-20.12,48.46
INTL CONTAINER TERM SVCS INC,4,12/29/20,0,3.98,0.2175,0.1258,47.28,50.71,2136.18,1.92,13.87,180.49,0.71,20.68,47.71
INTL CONTAINER TERM SVCS INC,1,3/31/21,1,5.03,-0.0976,-0.0202,46.36,52.89,2510.85,-0.36,11.13,180.43,0.75,23.84,49.69
INTL CONTAINER TERM SVCS INC,2,6/30/21,1,5.93,0.0712,0.3529,48.47,51.97,2518.59,6.19,10.57,182.28,0.74,24.81,49.97
INTL CONTAINER TERM SVCS INC,3,9/30/21,1,5.89,0.0074,0.1912,49.01,59.43,2775.64,6.83,11.17,227.13,0.65,22.44,54.79
INTL CONTAINER TERM SVCS INC,4,12/31/21,1,6.42,0.0244,0.0256,51.99,77.03,2965.04,8.20,10.86,294.56,0.51,26.93,55.48
INTL CONTAINER TERM SVCS INC,1,3/31/22,1,6.16,0.0113,0.124,50.26,77.14,3299.47,4.93,14.97,290.41,0.55,28.47,58.63
INTL CONTAINER TERM SVCS INC,2,6/30/22,0,5.55,-0.1455,-0.1815,51.95,79.12,3122.88,5.10,20.02,245.5,0.61,29.59,55.56
INTL CONTAINER TERM SVCS INC,3,9/30/22,0,6.22,-0.0673,-0.1489,49.65,83.1,2985.63,0.00,0,221.5,0.7,25.41,54.22
INTL CONTAINER TERM SVCS INC,4,12/29/22,1,6.59,0.1438,0.2771,49.14,100.71,3238.01,6.11,14.36,242.38,0.61,27.02,54.91
INTL CONTAINER TERM SVCS INC,1,3/31/23,1,6.27,-0.0102,0.067,50.56,93.76,3296.2,11.85,15.74,228.9,0.69,26.86,54.41
INTL CONTAINER TERM SVCS INC,2,6/30/23,0,6.5,-0.0049,-0.045,51.32,84.72,3116.32,0.00,0,200.22,0.77,28.7,52.38
JG SUMMIT HOLDINGS INC,4,12/29/16,1,6.76,-0.1034,-0.0919,17.12,17.09,144332.07,-4.30,7.09,70.2,33.43,11.57,33
JG SUMMIT HOLDINGS INC,1,3/31/17,1,6.36,0.0689,0.2025,16.72,16.25,147898.83,-4.11,6.99,69.76,34.35,11.09,32.46
JG SUMMIT HOLDINGS INC,2,6/30/17,0,5.63,0.0727,-0.0043,12.17,15.85,146672.55,0.00,0,68.12,34.95,10.25,31.8
JG SUMMIT HOLDINGS INC,3,9/29/17,0,5.12,0.0419,-0.0741,15.57,15.92,137373.11,0.00,0,65.68,35.61,11.87,30.77
JG SUMMIT HOLDINGS INC,4,12/29/17,0,4.79,0.0474,-0.0387,13.3,14.59,140976.67,0.00,0,64.07,36.17,7.18,30.28
JG SUMMIT HOLDINGS INC,1,3/28/18,0,4.12,-0.0676,-0.1304,12.99,13.84,156846.74,0.00,0,65.74,36.18,7.02,30.62
JG SUMMIT HOLDINGS INC,2,6/29/18,0,4.39,-0.0985,-0.2026,11.96,13.76,156369.18,0.00,0,64.58,36.93,7.12,29.9
JG SUMMIT HOLDINGS INC,3,9/28/18,1,4.42,0.0116,0.079,10.13,12.44,192857.49,0.00,0,66.86,36.77,6.08,29.99
JG SUMMIT HOLDINGS INC,4,12/28/18,1,4.75,0.026,0.0324,13.76,12.55,191047.19,0.00,0,66.32,37.92,8.86,29.7
JG SUMMIT HOLDINGS INC,1,3/29/19,1,4.98,0.0609,0.14,15.28,13.15,211558.15,0.00,0,72.09,39.33,14.32,31.35
JG SUMMIT HOLDINGS INC,2,6/28/19,1,5.51,0.0099,0.0614,11.15,12.75,228253.27,-1.90,7.08,71.34,39.74,5.3,32.16
JG SUMMIT HOLDINGS INC,3,9/30/19,1,6.12,-0.0276,0.0757,17.66,12.72,225359.21,0.00,0,71.97,40.52,23.49,31.68
JG SUMMIT HOLDINGS INC,4,12/27/19,1,5.74,0.0047,0.1145,11.04,11.53,239527.89,-7.75,8.81,73.6,41.09,2.88,32.43
JG SUMMIT HOLDINGS INC,1,3/31/20,0,6.13,-0.3191,-0.3527,-6.17,6.54,236792.38,-8.83,3.98,76.59,40.86,-5.67,33.06
JG SUMMIT HOLDINGS INC,2,6/30/20,1,5.99,0.1666,0.24,-0.91,3.79,245401.25,-13.86,2.39,81.31,41.24,1.74,34.15
JG SUMMIT HOLDINGS INC,3,9/30/20,0,6.17,-0.0553,-0.0717,-10.86,0.11,254867.9,0.00,0,83.78,40.99,-1.74,34.21
JG SUMMIT HOLDINGS INC,4,12/29/20,0,5.69,0.2175,0.1894,0.34,-2.2,226718.22,-7.26,-1.4,83.69,40.64,0.2,34.55
JG SUMMIT HOLDINGS INC,1,3/31/21,0,5.53,-0.0976,-0.1655,3.16,-0.74,272206.22,-6.69,-0.39,87.51,40.62,1.55,35.35
JG SUMMIT HOLDINGS INC,2,6/30/21,0,5.72,0.0712,0.0402,-4.73,-1.28,245183.51,-0.94,-0.76,74.25,42.98,-7.13,31.33
JG SUMMIT HOLDINGS INC,3,9/30/21,1,4.52,0.0074,0.0459,-3.16,-0.6,244650.94,-2.90,-0.5,75.29,44.33,15.2,32.63
JG SUMMIT HOLDINGS INC,4,12/31/21,0,5.07,0.0244,-0.1846,-1.14,-0.89,228793,-0.92,-0.63,77.37,44.04,-4.54,32.87
JG SUMMIT HOLDINGS INC,1,3/31/22,1,4.72,0.0113,0.1566,3.77,-0.46,260164.87,-2.02,-0.41,83.68,43.22,0.05,34.78
JG SUMMIT HOLDINGS INC,2,6/30/22,0,4.31,-0.1455,-0.2055,0.67,0.38,264572.78,-2.24,0.41,86.95,42.98,2.82,35.39
JG SUMMIT HOLDINGS INC,3,9/30/22,0,4.52,-0.0673,-0.1366,-0.64,0.71,294187.02,0.00,0,89.04,42.3,2.08,35.46
JG SUMMIT HOLDINGS INC,4,12/29/22,1,4.28,0.1438,0.1962,8.78,3.01,283792.95,12.82,2.75,79.17,43.56,6.37,32.83
JG SUMMIT HOLDINGS INC,1,3/31/23,0,3.96,-0.0102,-0.0477,10.33,4.53,295669.11,16.80,4.43,84.88,43.59,7.01,34.36
JG SUMMIT HOLDINGS INC,2,6/30/23,0,3.46,-0.0049,-0.072,10.11,6.99,313353.7,0.00,0,85.8,43.79,5.98,34.7
JOLLIBEE FOODS CORP,4,12/29/16,0,2.58,-0.1034,-0.2146,6.24,19.45,-4241.37,-0.16,3.09,32.95,33.28,5.23,16.54
JOLLIBEE FOODS CORP,1,3/31/17,0,2.58,0.0689,0.018,6.14,19.8,-3505.9,0.38,3.08,31.67,33.95,6.01,15.97
JOLLIBEE FOODS CORP,2,6/30/17,0,2.95,0.0727,0.0329,5.42,19.9,-4836.25,0.00,0,29.61,35.61,4.95,15.01
JOLLIBEE FOODS CORP,3,9/29/17,1,2.9,0.0419,0.1951,5.5,20.83,-6403.6,0.00,0,37.85,37.53,4.69,17.95
JOLLIBEE FOODS CORP,4,12/29/17,0,3.68,0.0474,0.0377,5.66,19.96,-7455.58,0.00,0,44.74,40.73,5.17,21.14
JOLLIBEE FOODS CORP,1,3/28/18,1,3.44,-0.0676,0.1818,5.94,20.35,1156.33,0.00,0,48.82,41.04,5.59,21.81
JOLLIBEE FOODS CORP,2,6/29/18,0,3.32,-0.0985,-0.1204,4.67,19.6,1277.92,0.00,0,54.12,42.96,5.12,23.8
JOLLIBEE FOODS CORP,3,9/28/18,0,3.68,0.0116,-0.0228,6.57,20.98,42726.03,0.00,0,136.53,43.56,4.59,44.44
JOLLIBEE FOODS CORP,4,12/28/18,1,3.77,0.026,0.1354,5.2,19.99,7216.9,0.00,0,55.7,45.48,3.62,26.04
JOLLIBEE FOODS CORP,1,3/29/19,1,3.31,0.0609,0.0864,3.49,18.01,7058.64,0.00,0,53.41,45.72,2.38,24.71
JOLLIBEE FOODS CORP,2,6/28/19,0,2.68,0.0099,-0.111,3.05,16.17,24309.81,4.75,3.3,90.38,47.4,3.88,34.33
JOLLIBEE FOODS CORP,3,9/30/19,0,2.6,-0.0276,-0.2122,2.94,12.83,69061.43,0.00,0,172.54,49.67,5.97,49.13
JOLLIBEE FOODS CORP,4,12/27/19,0,1.85,0.0047,-0.027,-2.96,4.89,43421.9,9.50,2.76,88.82,73.11,-4.25,37.49
JOLLIBEE FOODS CORP,1,3/31/20,0,2.1,-0.3191,-0.5074,-23.27,-6.2,48178.5,-19.09,-2.43,154.17,63.79,-44.08,48.98
JOLLIBEE FOODS CORP,2,6/30/20,1,2.29,0.1666,0.3158,-11.17,-14.01,49453.36,-6.88,-5.27,159.45,61.45,-5.27,49.99
JOLLIBEE FOODS CORP,3,9/30/20,1,2.54,-0.0553,0.0357,-7.83,-20.9,45385.34,0.00,0,151.17,63.5,5.56,48.79
JOLLIBEE FOODS CORP,4,12/29/20,1,2.55,0.2175,0.3462,4.28,-13.54,46288.91,-31.22,-5.21,148.68,62.42,0.44,49.26
JOLLIBEE FOODS CORP,1,3/31/21,1,2.87,-0.0976,-0.0937,3.75,-4.78,43473.86,-8.63,-1.41,143.34,62.7,2.66,47.69
JOLLIBEE FOODS CORP,2,6/30/21,1,2.73,0.0712,0.2075,2.54,1.71,49647.99,-4.55,0.43,126.74,38.08,4.22,45.02
JOLLIBEE FOODS CORP,3,9/30/21,0,2.79,0.0074,-0.0403,5.48,9.44,57294.73,8.82,2.62,130.05,58.52,7.29,45.76
JOLLIBEE FOODS CORP,4,12/31/21,1,2.81,0.0244,0.0556,4.64,10.01,58490.73,9.39,2.71,120.16,59.66,5.39,44.38
JOLLIBEE FOODS CORP,1,3/31/22,1,2.98,0.0113,0.0397,5.86,12.32,56851.63,9.88,3.74,120.2,60.81,5.36,43.37
JOLLIBEE FOODS CORP,2,6/30/22,1,3.55,-0.1455,-0.0951,5.45,18.61,66623.52,6.14,4.14,131.26,63.95,3.86,44.94
JOLLIBEE FOODS CORP,3,9/30/22,1,3.13,-0.0673,0.1248,3.06,14.8,64332.88,0.00,0,126.15,64.44,0.52,43.73
JOLLIBEE FOODS CORP,4,12/29/22,0,3.03,0.1438,0.0044,6.53,16.67,62396.87,6.00,4.64,120.93,64.54,3.74,43.71
JOLLIBEE FOODS CORP,1,3/31/23,0,3.22,-0.0102,-0.0261,6.58,17.76,58870.6,5.68,4.69,119.89,65.33,3.83,43.16
JOLLIBEE FOODS CORP,2,6/30/23,1,3.15,-0.0049,0.0679,7.01,18.79,60619.43,0.00,0,118.37,68.05,3.96,42.88
LT GROUP INC,4,12/29/16,0,1.31,-0.1034,-0.1791,9.12,4.71,-159783.21,3.76,3.64,24.27,12.65,14.84,5.08
LT GROUP INC,1,3/31/17,1,1.12,0.0689,0.2755,10.46,4.61,-188065.83,2.94,3.95,20.61,12.95,14.13,4.22
LT GROUP INC,2,6/30/17,0,1.28,0.0727,-0.0824,9.77,4.79,-163455.16,0.00,0,13.92,13.29,14.52,2.99
LT GROUP INC,3,9/29/17,1,1.29,0.0419,0.1959,14.2,4.9,-143198.26,0.00,0,20.42,13.71,24.1,4.35
LT GROUP INC,4,12/29/17,1,1.39,0.0474,0.066,14.02,5.55,-161410.93,0.00,0,15.34,13.97,21.2,3.26
LT GROUP INC,1,3/28/18,1,1.48,-0.0676,0.0032,6.1,5.03,-132675.4,0.00,0,19.04,14.35,28.98,4.05
LT GROUP INC,2,6/29/18,1,1.16,-0.0985,-0.0383,12.25,5.43,-126516.87,0.00,0,26.05,14.61,19.09,5.42
LT GROUP INC,3,9/28/18,0,1.3,0.0116,-0.2035,6.2,4.45,-116106.77,0.00,0,35.18,15.98,17.09,7.41
LT GROUP INC,4,12/28/18,1,1.19,0.026,0.1528,11.96,4.46,-112483.82,0.00,0,45.59,16.6,20.18,9.55
LT GROUP INC,1,3/29/19,0,1.11,0.0609,-0.0301,10.88,5.24,-108661.92,0.00,0,57.66,16.7,20.49,11.59
LT GROUP INC,2,6/28/19,0,1.05,0.0099,-0.0559,12.91,5.65,-97620.62,-863.79,6.32,65.12,16.53,23.3,12.36
LT GROUP INC,3,9/30/19,0,0.9,-0.0276,-0.0829,17.95,7.08,-84807.45,0.00,0,51.39,17.27,33.3,10.31
LT GROUP INC,4,12/27/19,0,0.9,0.0047,-0.1406,8.35,6.77,-133870.37,-114.84,13.61,42.08,16.79,24.66,8.66
LT GROUP INC,1,3/31/20,1,0.75,-0.3191,-0.3072,0.78,5.44,-165299.26,148.37,11.36,44.02,16.72,17.33,9.15
LT GROUP INC,2,6/30/20,0,0.89,0.1666,-0.0361,16.43,5.86,-105695.68,"1,398.29",10.84,46.12,16.78,26.59,10.08
LT GROUP INC,3,9/30/20,1,1.06,-0.0553,0.125,-15.52,1.21,-225612.36,0.00,0,63.39,17.14,20.25,11.97
LT GROUP INC,4,12/29/20,1,1.21,0.2175,0.4556,9.97,1.28,-174431.94,74.44,1.61,45.49,17.3,29.36,9.27
LT GROUP INC,1,3/31/21,1,1.08,-0.0976,0.0305,-58.01,-5.9,-157708.36,149.98,-7.6,44.35,16.51,-12.5,8.95
LT GROUP INC,2,6/30/21,0,0.84,0.0712,-0.0444,13.96,-6.11,-190404.24,117.87,-10.23,44.51,17.05,27.26,9.01
LT GROUP INC,3,9/30/21,0,0.79,0.0074,-0.2171,55.27,3.19,-232184.21,52.42,5.59,45.52,17.57,42.51,9.14
LT GROUP INC,4,12/31/21,0,0.69,0.0244,-0.0198,16.92,3.97,-242297.81,23.88,7.82,33.18,17.76,29.52,7.02
LT GROUP INC,1,3/31/22,0,0.74,0.0113,-0.101,22.88,13.7,-251383.76,39.93,29.35,29.25,18.22,37.52,6.25
LT GROUP INC,2,6/30/22,1,0.8,-0.1455,-0.0899,0.96,11.91,-166946.29,44.44,25.5,40.59,18.33,19.59,8.81
LT GROUP INC,3,9/30/22,1,0.78,-0.0673,0.0198,0.98,4.98,-218577.35,0.00,0,36.29,18.38,16,7.92
LT GROUP INC,4,12/29/22,0,0.83,0.1438,0.1138,12.53,4.66,-215973.87,-11.46,8.6,28.38,18.74,24.51,6.54
LT GROUP INC,1,3/31/23,1,0.8,-0.0102,0.0761,25.54,5.43,-222483.47,29.33,10.63,38.5,19.05,23.68,8.67
LT GROUP INC,2,6/30/23,0,0.77,-0.0049,-0.0394,12.92,7.17,-265983.78,0.00,0,23.26,19.34,20.59,5.27
MANILA ELECTRIC COMPANY,4,12/29/16,0,1.56,-0.1034,-0.1463,9.11,35.84,-10815,5.81,8.27,57.5,61.16,7.24,13.17
MANILA ELECTRIC COMPANY,1,3/31/17,0,1.54,0.0689,0.034,9.97,32.85,-12623,8.69,8.58,53.56,66,7.63,13.17
MANILA ELECTRIC COMPANY,2,6/30/17,0,1.6,0.0727,-0.0482,9.67,37.34,-15136,0.00,0,56.14,62.74,7.4,13.18
MANILA ELECTRIC COMPANY,3,9/29/17,1,2.01,0.0419,0.0851,8.5,35.64,-17214,0.00,0,54.08,65.31,6.54,13.27
MANILA ELECTRIC COMPANY,4,12/29/17,1,2.09,0.0474,0.1611,9.51,39.24,-23085,0.00,0,57.19,61.17,7.5,12.55
MANILA ELECTRIC COMPANY,1,3/28/18,1,2.33,-0.0676,-0.0323,8.71,35.55,-21636,0.00,0,52.52,66.65,8.35,12.31
MANILA ELECTRIC COMPANY,2,6/29/18,1,2.2,-0.0985,0.1182,8.8,36.08,-21632,0.00,0,52.95,66.34,8.12,12.15
MANILA ELECTRIC COMPANY,3,9/28/18,0,2.4,0.0116,-0.0439,10.37,36.55,-24954,0.00,0,52.46,72.8,6.24,12.93
MANILA ELECTRIC COMPANY,4,12/28/18,1,2.26,0.026,0.1176,9.1,39.4,-23058,0.00,0,45.25,67.49,7.52,10.34
MANILA ELECTRIC COMPANY,1,3/29/19,0,2.27,0.0609,0,9.47,38.13,-15572,0.00,0,37.37,73.44,7.07,9.25
MANILA ELECTRIC COMPANY,2,6/28/19,1,2.23,0.0099,0.0184,9.97,39.19,-19355,6.44,7.42,37.19,73.7,8.29,9.35
MANILA ELECTRIC COMPANY,3,9/30/19,0,1.91,-0.0276,-0.0439,10.76,37.58,-30123,0.00,0,48.4,74.72,6.43,11.55
MANILA ELECTRIC COMPANY,4,12/27/19,0,1.96,0.0047,-0.1432,4.02,36.19,-42179,3.28,10.72,54.2,65.87,3.74,10.9
MANILA ELECTRIC COMPANY,1,3/31/20,1,2.01,-0.3191,-0.2902,5.81,28.39,-8390,2.57,7.58,51.26,69.72,5.85,10.75
MANILA ELECTRIC COMPANY,2,6/30/20,1,2.14,0.1666,0.1911,8.84,26.97,1337,2.37,7.1,51.76,68.95,6.13,10.89
MANILA ELECTRIC COMPANY,3,9/30/20,1,1.9,-0.0553,0.0112,12.47,25.68,-18787,0.00,0,49.73,70.3,8.29,10.29
MANILA ELECTRIC COMPANY,4,12/29/20,0,1.96,0.2175,0.0775,14.54,37.08,12007,-1.49,9,109.41,66.13,6.7,19.41
MANILA ELECTRIC COMPANY,1,3/31/21,1,1.86,-0.0976,-0.0685,8.56,38.57,22472,-1.77,9.8,100.41,71.14,6.65,19.36
MANILA ELECTRIC COMPANY,2,6/30/21,0,1.98,0.0712,0.0191,9.08,40.01,13331,5.98,9.46,82.9,71.91,7.96,16.18
MANILA ELECTRIC COMPANY,3,9/30/21,1,1.9,0.0074,0.075,5.99,33.64,18096,-1.59,8.82,86.08,84.48,8.03,18.75
MANILA ELECTRIC COMPANY,4,12/31/21,0,2.33,0.0244,-0.0094,7.55,32.26,12040,5.06,6.27,86.48,79.2,7.43,17.14
MANILA ELECTRIC COMPANY,1,3/31/22,1,2.64,0.0113,0.2656,5.21,28.39,21085,4.89,6.19,82.88,85.83,5.93,17.71
MANILA ELECTRIC COMPANY,2,6/30/22,1,2.04,-0.1455,-0.0364,4.5,25.62,27838,-2.12,7.69,83.59,85.96,5.76,18.11
MANILA ELECTRIC COMPANY,3,9/30/22,0,2.03,-0.0673,-0.2694,2.95,20.38,30004,0.00,0,83.66,97.31,7.77,20
MANILA ELECTRIC COMPANY,4,12/29/22,0,2.1,0.1438,0.1361,6.87,22.24,30039,0.53,6.18,85.04,93.57,7.64,19.94
MANILA ELECTRIC COMPANY,1,3/31/23,1,2.26,-0.0102,0.0408,8.88,24.81,39067,1.73,6.97,77.41,102.37,8.21,19.76
MANILA ELECTRIC COMPANY,2,6/30/23,1,2.52,-0.0049,0.0772,8.94,29.08,21836,0.00,0,77.03,103.21,9.55,19.35
MEGAWORLD CORP,4,12/29/16,0,1.1,-0.1034,-0.2436,38.33,13.25,49330.36,0.00,15.22,50.15,3.98,26.93,25
MEGAWORLD CORP,1,3/31/17,0,1.09,0.0689,-0.0532,45.98,13.51,56335.72,0.00,12.37,48.08,4.05,34.29,24.6
MEGAWORLD CORP,2,6/30/17,1,1.27,0.0727,0.2722,41.88,13.25,59903.35,0.00,0,46.02,4.17,31.96,23.99
MEGAWORLD CORP,3,9/29/17,1,1.38,0.0419,0.2163,34.87,14.11,59478.04,0.00,0,46.37,4.38,20.87,26.7
MEGAWORLD CORP,4,12/29/17,0,1.16,0.0474,-0.0134,41.37,14.7,60164.72,0.00,0,45.89,4.4,26.9,24.1
MEGAWORLD CORP,1,3/28/18,0,1.2,-0.0676,-0.0911,41.31,14.4,50182.77,0.00,0,37.15,4.79,29.17,20.58
MEGAWORLD CORP,2,6/29/18,1,1.22,-0.0985,-0.0874,41.75,14.67,56165.84,0.00,0,38.33,4.92,30.11,21.16
MEGAWORLD CORP,3,9/28/18,1,1.28,0.0116,0.028,34.09,13.93,58954.35,0.00,0,40.53,5.08,26.87,23.74
MEGAWORLD CORP,4,12/28/18,1,1.48,0.026,0.0795,40.16,14.1,57746.39,0.00,0,38.38,5.18,27.45,22.66
MEGAWORLD CORP,1,3/29/19,1,1.53,0.0609,0.2211,38.02,13.74,55606.02,0.00,0,36.57,5.24,28.64,21.5
MEGAWORLD CORP,2,6/28/19,1,1.13,0.0099,0.0517,38.06,13.55,55402.66,0.00,16.14,37.03,5.35,29.14,21.76
MEGAWORLD CORP,3,9/30/19,0,1.03,-0.0276,-0.2836,34.64,13.61,53932.27,0.00,0,37.6,5.54,30.26,22.03
MEGAWORLD CORP,4,12/27/19,0,0.93,0.0047,-0.0824,36.33,13.17,53633.48,0.00,28.8,38.16,5.64,24.36,22.16
MEGAWORLD CORP,1,3/31/20,0,0.98,-0.3191,-0.3766,33.43,11.21,50997.71,0.00,20.27,36.02,5.68,23.57,21.13
MEGAWORLD CORP,2,6/30/20,1,1,0.1666,0.22,31.85,9.38,46636.29,0.00,17.5,42.1,5.59,24.03,23.77
MEGAWORLD CORP,3,9/30/20,1,1.14,-0.0553,-0.0295,24.62,6.97,46533.48,0.00,0,40.79,5.73,29.21,23.08
MEGAWORLD CORP,4,12/29/20,1,1.1,0.2175,0.3784,33.1,5.97,56083.75,0.00,9.33,43.19,5.4,25.32,24.03
MEGAWORLD CORP,1,3/31/21,0,0.93,-0.0976,-0.1225,34.19,6.55,55567.53,0.00,11.49,41.07,5.49,23.56,23.17
MEGAWORLD CORP,2,6/30/21,0,0.81,0.0712,-0.0978,34.77,7.68,60186.13,0.00,15.31,42.06,5.6,23.36,23.59
MEGAWORLD CORP,3,9/30/21,0,0.87,0.0074,-0.1176,31.91,8.1,50426.71,0.00,15.7,41.02,6.5,42.79,23.68
MEGAWORLD CORP,4,12/31/21,1,0.81,0.0244,0.1053,38.51,9.35,50334.73,0.00,18.16,39.28,6.15,25.04,22.95
MEGAWORLD CORP,1,3/31/22,0,0.68,0.0113,-0.0444,39.27,9.98,55749.49,0.00,27.37,38.89,6.26,21.13,22.74
MEGAWORLD CORP,2,6/30/22,0,0.68,-0.1455,-0.2824,37.74,10.09,63336.02,0.00,29.78,42.37,6.35,18.27,24.43
MEGAWORLD CORP,3,9/30/22,1,0.58,-0.0673,-0.0556,33.99,10.05,67753.75,0.00,0,39.63,6.64,32.07,23.34
MEGAWORLD CORP,4,12/29/22,0,0.58,0.1438,-0.0196,37.27,10.39,69790.89,0.00,34.13,39.07,6.83,27.99,23.04
MEGAWORLD CORP,1,3/31/23,1,0.57,-0.0102,0,37.6,10.59,73017.5,0.00,35.11,39.3,6.76,25.3,23.15
MEGAWORLD CORP,2,6/30/23,0,0.59,-0.0049,-0.005,38.41,10.68,71315.3,0.00,0,38.4,7.02,26.9,22.82
METRO PACIFIC INVESTMENTS CO,4,12/29/16,1,2.34,-0.1034,-0.062,34.46,12.58,80080,-14.52,7.89,52.57,4.86,26.16,27.71
METRO PACIFIC INVESTMENTS CO,1,3/31/17,0,2.27,0.0689,-0.0961,41.2,12.54,127318,-6.46,8.78,77.7,5.01,38.2,35.41
METRO PACIFIC INVESTMENTS CO,2,6/30/17,0,2.27,0.0727,0.0615,34.07,12.85,125469.3,0.00,0,79.93,5.07,17.41,35.84
METRO PACIFIC INVESTMENTS CO,3,9/29/17,1,2.2,0.0419,0.0485,45.72,12.52,139766,0.00,0,87.67,5.11,23.3,37.54
METRO PACIFIC INVESTMENTS CO,4,12/29/17,0,1.81,0.0474,0.0224,33.22,13.99,143259,0.00,0,84.68,5.16,19.69,36.49
METRO PACIFIC INVESTMENTS CO,1,3/28/18,0,1.72,-0.0676,-0.235,35.6,14.89,152829,0.00,0,85.08,5.32,24.77,37.41
METRO PACIFIC INVESTMENTS CO,2,6/29/18,0,1.75,-0.0985,-0.1221,29.52,14.58,162423,0.00,0,88.43,5.39,16.67,38.25
METRO PACIFIC INVESTMENTS CO,3,9/28/18,1,1.67,0.0116,0.0326,7.61,12.84,167572,0.00,0,90,5.5,9.08,38.55
METRO PACIFIC INVESTMENTS CO,4,12/28/18,0,1.65,0.026,-0.0232,35.43,12.59,172056,0.00,0,89.97,5.51,20.37,38.41
METRO PACIFIC INVESTMENTS CO,1,3/29/19,0,1.61,0.0609,0.0453,39.15,12.43,185274,0.00,0,92.01,5.64,23.32,39.59
METRO PACIFIC INVESTMENTS CO,2,6/28/19,0,1.72,0.0099,-0.0103,37.34,12.45,190881,-21.32,13.91,98.26,5.72,20.84,40.87
METRO PACIFIC INVESTMENTS CO,3,9/30/19,1,1.2,-0.0276,0.0375,0,10.99,176212,0.00,0,101.98,6.05,0,41.01
METRO PACIFIC INVESTMENTS CO,4,12/27/19,0,1.2,0.0047,-0.3012,41.81,10.36,186963,-43.41,24.42,104.36,5.93,16.51,41.42
METRO PACIFIC INVESTMENTS CO,1,3/31/20,1,1.59,-0.3191,-0.3046,34.43,7.57,192359,-23.57,11.91,103.63,6.04,13.38,41.61
METRO PACIFIC INVESTMENTS CO,2,6/30/20,1,1.58,0.1666,0.5289,37.84,6.04,195497,-10.01,10.19,102.76,6.05,19.14,41.51
METRO PACIFIC INVESTMENTS CO,3,9/30/20,0,1.59,-0.0553,-0.0568,22.43,7.45,184042,0.00,0,95.3,6.02,-2.47,37.69
METRO PACIFIC INVESTMENTS CO,4,12/29/20,1,1.54,0.2175,0.2264,33.55,6.83,177836,-5.65,11,102.31,6.13,66.17,41.41
METRO PACIFIC INVESTMENTS CO,1,3/31/21,0,1.5,-0.0976,-0.1262,34.32,7.16,184019,-7.18,11.36,103.22,6.24,30.4,41.97
METRO PACIFIC INVESTMENTS CO,2,6/30/21,0,1.39,0.0712,0.0401,36.1,7.11,192217,-9.59,12.09,105.44,6.34,18.96,42.56
METRO PACIFIC INVESTMENTS CO,3,9/30/21,0,1.44,0.0074,-0.0617,29.89,7.7,197457,-7.00,12.25,104.29,6.43,-19.86,42.28
METRO PACIFIC INVESTMENTS CO,4,12/31/21,1,1.36,0.0244,0.0685,37.44,7.89,206118,-5.67,13.17,104.57,6.61,51.01,41.98
METRO PACIFIC INVESTMENTS CO,1,3/31/22,0,1.48,0.0113,-0.0256,37.07,8.31,218195,-7.15,15.32,107.17,6.8,29.02,42.91
METRO PACIFIC INVESTMENTS CO,2,6/30/22,1,1.48,-0.1455,-0.0711,39.38,9.01,228726,-9.66,17.84,107.55,6.95,27.34,43.16
METRO PACIFIC INVESTMENTS CO,3,9/30/22,1,1.33,-0.0673,-0.0567,37.97,9.83,250637,0.00,0,119.6,6.97,-19.9,45.52
METRO PACIFIC INVESTMENTS CO,4,12/29/22,0,1.42,0.1438,0.027,42.15,10.58,254183,-35.58,19.74,117.79,7.08,35.33,44.89
METRO PACIFIC INVESTMENTS CO,1,3/31/23,1,1.84,-0.0102,0.076,41.73,11.09,265890,-26.73,16.44,117.83,7.26,34.28,45.4
METRO PACIFIC INVESTMENTS CO,2,6/30/23,1,2.03,-0.0049,0.2962,0,0,0,0.00,0,0,NA,0,0
METROPOLITAN BANK & TRUST,4,12/29/16,0,3.59,-0.1034,-0.1489,38.6,13.93,-160132,-15.78,10.78,99.6,53.33,27.98,10.9
METROPOLITAN BANK & TRUST,1,3/31/17,1,3.62,0.0689,0.1019,32.62,13.9,-162860,-5.01,10.09,100.89,54.71,18.86,11.11
METROPOLITAN BANK & TRUST,2,6/30/17,1,3.42,0.0727,0.0938,30.59,14.31,-141689,0.00,0,101.32,55.98,16.64,11.3
METROPOLITAN BANK & TRUST,3,9/29/17,0,3.87,0.0419,-0.0114,37.37,14.63,-109031,0.00,0,126.08,51.77,25.76,12.37
METROPOLITAN BANK & TRUST,4,12/29/17,1,3.45,0.0474,0.1723,36.13,14.18,-123895,0.00,0,101.26,57.58,26.51,10.62
METROPOLITAN BANK & TRUST,1,3/28/18,0,4.11,-0.0676,-0.1538,33.44,12.51,-100837,0.00,0,91.73,60.09,22.37,11.82
METROPOLITAN BANK & TRUST,2,6/29/18,0,3.71,-0.0985,-0.1445,35.28,12.79,-89105,0.00,0,79.26,61.69,24.68,10.62
METROPOLITAN BANK & TRUST,3,9/28/18,0,4.37,0.0116,-0.0872,29.19,12.69,-52778,0.00,0,109.03,62.92,23.93,14.16
METROPOLITAN BANK & TRUST,4,12/28/18,1,4.07,0.026,0.2082,35.4,12.52,-48479,0.00,0,98.41,64.19,27.49,12.98
METROPOLITAN BANK & TRUST,1,3/29/19,0,3.58,0.0609,-0.013,35.81,11.47,-62602,0.00,0,87.94,65.93,24.45,11.78
METROPOLITAN BANK & TRUST,2,6/28/19,0,3.54,0.0099,-0.1083,38.44,12.28,-24799,-31.64,12.82,110.16,67.74,28.74,14.83
METROPOLITAN BANK & TRUST,3,9/30/19,0,3.86,-0.0276,-0.04,60.13,12.85,-53464,0.00,0,102.49,68.83,44.53,13.32
METROPOLITAN BANK & TRUST,4,12/27/19,0,3.38,0.0047,-0.0307,29.27,12.63,-36500,-2.47,19.58,83.66,67.71,22.15,11.04
METROPOLITAN BANK & TRUST,1,3/31/20,0,2.69,-0.3191,-0.3967,13.81,10.83,-218728,21.00,18.8,59.05,71.73,7.9,8.44
METROPOLITAN BANK & TRUST,2,6/30/20,0,2.93,0.1666,-0.075,12.05,8.26,-316854,61.60,13.71,60.88,71.11,6.26,8.51
METROPOLITAN BANK & TRUST,3,9/30/20,1,3.1,-0.0553,0.0324,19.86,6.42,-228824,0.00,0,69.69,72.1,16.66,9.46
METROPOLITAN BANK & TRUST,4,12/29/20,1,3.1,0.2175,0.284,36.2,7.21,-200253,24.56,11.04,72.06,68.17,28.84,9.59
METROPOLITAN BANK & TRUST,1,3/31/21,1,3.17,-0.0976,-0.0948,21.78,6.96,-248536,-14.63,10.1,74.3,69.63,15.92,9.68
METROPOLITAN BANK & TRUST,2,6/30/21,1,2.82,0.0712,0.0968,25.9,7.77,-216524,32.10,12.59,46.01,70.52,18.21,6.18
METROPOLITAN BANK & TRUST,3,9/30/21,0,3.48,0.0074,-0.1027,33.14,9.2,-262512,38.69,11.81,46.17,70.84,24.52,6.05
METROPOLITAN BANK & TRUST,4,12/31/21,1,3.45,0.0244,0.2746,38.7,9.99,-373150,9.54,11.9,57.53,67.56,28.91,6.81
METROPOLITAN BANK & TRUST,1,3/31/22,1,3.39,0.0113,0.0233,40.41,11.75,-270347,14.45,16.86,53.78,67.47,27.74,6.32
METROPOLITAN BANK & TRUST,2,6/30/22,0,3.64,-0.1455,-0.1614,37.59,12.82,-147374,-39.95,18.41,72.12,68.69,28.86,8.4
METROPOLITAN BANK & TRUST,3,9/30/22,1,3.56,-0.0673,0.0146,38.45,13.57,-261627,0.00,0,55.14,70.84,31.99,6.36
METROPOLITAN BANK & TRUST,4,12/29/22,0,3.83,0.1438,0.1134,41.55,14.82,-234874,-0.51,17.58,51.98,71.17,31.77,5.95
METROPOLITAN BANK & TRUST,1,3/31/23,1,3.63,-0.0102,0.0833,41.9,15.41,-176588,2.35,19.48,46.12,73.34,32.03,5.47
METROPOLITAN BANK & TRUST,2,6/30/23,0,3.59,-0.0049,-0.0479,42.74,16.4,-243427,0.00,0,39.78,76.09,31.4,4.74
PETRON CORP,4,12/29/16,1,0.58,-0.1034,-0.0226,8.32,31.63,151268,-3.59,32.23,184.02,9.29,4.9,52.81
PETRON CORP,1,3/31/17,0,0.57,0.0689,-0.1055,5.67,30.55,150844,-0.72,29.61,179.17,9.64,2.34,53.74
PETRON CORP,2,6/30/17,1,0.59,0.0727,0.0876,7.05,32.8,144259,0.00,0,168.98,9.8,3,50.78
PETRON CORP,3,9/29/17,1,0.49,0.0419,0.0826,4.6,31.03,153904,0.00,0,171.94,9.99,1.63,50.67
PETRON CORP,4,12/29/17,0,0.53,0.0474,-0.125,6.81,29.11,153168,0.00,0,159.77,10.92,4.28,49
PETRON CORP,1,3/28/18,1,0.56,-0.0676,0.0087,4.69,29.31,165994,0.00,0,169.69,11.21,2.33,51.44
PETRON CORP,2,6/29/18,1,0.54,-0.0985,-0.04,4.57,31.22,177908,0.00,0,216.05,9.21,1.53,52.47
PETRON CORP,3,9/28/18,0,0.47,0.0116,-0.0214,-2.42,21.86,183505,0.00,0,233.21,8.48,-3.57,56.12
PETRON CORP,4,12/28/18,0,0.37,0.026,-0.1128,3.91,16.62,184263,0.00,0,253.67,8.31,0.89,56.34
PETRON CORP,1,3/29/19,0,0.33,0.0609,-0.1582,3.78,12.99,169232,0.00,0,201.52,10.39,0.86,54.67
PETRON CORP,2,6/28/19,0,0.29,0.0099,-0.1032,3.22,11.49,176890,-64.01,22.49,220.92,10.37,0.7,58.2
PETRON CORP,3,9/30/19,0,0.22,-0.0276,-0.1409,1.75,19.62,185471,0.00,0,237.93,9.13,-1.06,55.7
PETRON CORP,4,12/27/19,0,0.21,0.0047,-0.228,-4.21,8.95,196199,-86.41,29.2,273.48,8.2,-4.41,61.7
PETRON CORP,1,3/31/20,0,0.22,-0.3191,-0.3446,-21.23,-11.67,187439,-35.59,-28.07,282.59,4.48,-19.16,64.61
PETRON CORP,2,6/30/20,1,0.23,0.1666,0.2213,6.52,-11.51,183520,21.72,-28.2,258.79,4.52,2.07,62.9
PETRON CORP,3,9/30/20,1,0.25,-0.0553,-0.0162,8.24,-5.6,185456,0.00,0,247.07,8.51,1.52,60.89
PETRON CORP,4,12/29/20,1,0.21,0.2175,0.3125,4.39,4.43,179262,35.94,11.99,246.88,8.37,1.68,60.55
PETRON CORP,1,3/31/21,0,0.22,-0.0976,-0.2331,5.82,25.38,169650,-9.22,60.42,177.89,11.37,2.21,54.99
PETRON CORP,2,6/30/21,1,0.2,0.0712,0.0882,3.8,25.5,177688,-32.73,66.31,185.28,11.5,0.86,55.5
PETRON CORP,3,9/30/21,0,0.2,0.0074,-0.0751,2.6,18.78,190659,-94.55,57.93,205.02,11.05,0.65,55.81
PETRON CORP,4,12/31/21,1,0.2,0.0244,0.0292,4.89,23.79,193838,-108.06,71.06,201.06,11.34,1.88,54.97
PETRON CORP,1,3/31/22,1,0.21,0.0113,0.041,3.35,22.47,216152,-163.96,85.48,224.94,11.68,1.55,53.92
PETRON CORP,2,6/30/22,1,0.19,-0.1455,-0.0818,0.21,18.69,226003,-166.08,84.92,228.71,11.68,0.16,57.68
PETRON CORP,3,9/30/22,0,0.16,-0.0673,-0.1584,1.2,18.41,221105,0.00,0,229.01,11.22,-0.62,56.52
PETRON CORP,4,12/29/22,0,0.22,0.1438,-0.0588,4.46,18.26,205828,6.11,61.13,211.64,11.09,1.61,54.14
PETRON CORP,1,3/31/23,1,0.23,-0.0102,0.3958,4.26,18.08,190047,131.08,59.04,208.08,10.98,1.46,52.6
PETRON CORP,2,6/30/23,1,0.23,-0.0049,0.0358,4.99,29.31,226051,0.00,0,251.9,9.95,1.41,56.16
PLDT INC,4,12/29/16,0,5.37,-0.1034,-0.2027,22.23,24.1,134743,2.83,7.26,158.74,506.69,12.63,37.47
PLDT INC,1,3/31/17,1,5.31,0.0689,0.2059,18.97,26.83,130514,-0.26,7.91,142.31,546.39,29.04,37.58
PLDT INC,2,6/30/17,1,4.71,0.0727,0.0923,15.73,27.87,140489,0.00,0,147.1,527.2,13.38,38.66
PLDT INC,3,9/29/17,0,3.96,0.0419,-0.0723,-32.76,8.89,138532,0.00,0,155.25,492.28,-21.34,37.57
PLDT INC,4,12/29/17,0,4.23,0.0474,-0.1127,17.15,7.11,134319,0.00,0,151.86,502.59,17.03,36.83
PLDT INC,1,3/28/18,1,4.22,-0.0676,-0.0068,18.98,7.03,127120,0.00,0,156.36,521.64,11.65,38.85
PLDT INC,2,6/29/18,0,4.36,-0.0985,-0.1224,16.55,7.63,129171,0.00,0,157.52,504.48,11.15,38.06
PLDT INC,3,9/28/18,1,3.55,0.0116,0.0465,-19.34,12.63,123457,0.00,0,151.09,517.81,6.57,36.52
PLDT INC,4,12/28/18,0,3.41,0.026,-0.1667,25.37,15.76,145753,0.00,0,168.14,503.94,16.51,38.5
PLDT INC,1,3/29/19,0,3.79,0.0609,0.0222,24.33,17.02,163072,0.00,0,164.63,527.15,13.29,38.9
PLDT INC,2,6/28/19,1,3.42,0.0099,0.1217,19.71,19.17,169681,8.27,8.57,174.87,507.79,8.93,39.18
PLDT INC,3,9/30/19,0,2.97,-0.0276,-0.1225,23.82,35.29,184188,0.00,0,179.61,516.1,14.58,39.78
PLDT INC,4,12/27/19,0,4.92,0.0047,-0.1272,25.47,37.05,184985,-4.34,16.49,196.12,500.98,13.55,40.65
PLDT INC,1,3/31/20,1,4.69,-0.3191,0.1427,25.06,35.88,204413,-17.55,15.16,211.27,529.59,14.78,45.17
PLDT INC,2,6/30/20,0,5.29,0.1666,0.1072,25.45,39.74,207067,-10.36,15.35,203.04,526.89,15.93,44.01
PLDT INC,3,9/30/20,1,4.37,-0.0553,0.0712,5.09,31.97,201396,0.00,0,202.89,531.94,9.62,42.16
PLDT INC,4,12/29/20,0,4.39,0.2175,0.0007,21.23,32.46,209352,0.56,13.36,212.9,504.21,12.11,41.4
PLDT INC,1,3/31/21,1,4.35,-0.0976,-0.0888,19.81,29.42,231405,6.71,12.13,212.93,536.86,14.92,42.77
PLDT INC,2,6/30/21,0,5.59,0.0712,0.059,23.27,29.42,248821,-0.12,9.17,228.32,520.65,12.28,43.71
PLDT INC,3,9/30/21,1,5.84,0.0074,0.2993,20.06,34.31,248095,-1.13,10.41,215.15,568.08,15.22,43.79
PLDT INC,4,12/31/21,1,5.78,0.0244,0.0786,16.32,33.48,249087,-2.24,9.69,218.7,566.52,18.22,43.86
PLDT INC,1,3/31/22,1,6.15,0.0113,0.021,-8.71,20.25,248293,1.57,6.84,218.96,598.43,15.12,44.66
PLDT INC,2,6/30/22,1,5.85,-0.1455,-0.0919,24.3,22.17,272537,8.53,8,230.35,568.52,20.86,45.82
PLDT INC,3,9/30/22,0,4.48,-0.0673,-0.1024,-41.02,-4.58,266421,0.00,0,256.24,501,-32.29,46.79
PLDT INC,4,12/29/22,0,4.8,0.1438,-0.1267,24.19,-0.67,259868,16.05,-0.25,260.25,482.7,17.22,46.41
PLDT INC,1,3/31/23,1,4.42,-0.0102,0.0782,25.22,13.78,294136,11.23,5.9,260.97,524.69,18.26,49.72
PLDT INC,2,6/30/23,0,4.03,-0.0049,-0.0761,26.9,15.62,294470,0.00,0,269.6,516.81,18.02,49.98
PUREGOLD PRICE CLUB INC,4,12/29/16,1,1.07,-0.1034,0,6.73,19.72,5643.8,-0.54,6.85,16.23,16.07,4.63,11.69
PUREGOLD PRICE CLUB INC,1,3/31/17,0,1.13,0.0689,0,6.03,19.53,4772.51,0.00,6.84,14.62,16.51,4.18,10.75
PUREGOLD PRICE CLUB INC,2,6/30/17,0,1.26,0.0727,0.0195,6.61,19.05,4158.97,0.00,0,12.6,17.02,4.55,9.29
PUREGOLD PRICE CLUB INC,3,9/29/17,1,1.15,0.0419,0.1706,11.08,21.75,23573.77,0.00,0,67.91,16.87,4.3,34.51
PUREGOLD PRICE CLUB INC,4,12/29/17,0,1.25,0.0474,-0.0412,7.63,21.9,6861.26,0.00,0,19.03,17.86,4.37,13.93
PUREGOLD PRICE CLUB INC,1,3/28/18,1,1.18,-0.0676,0.049,6.71,22.21,3532.54,0.00,0,11.98,18.46,4.91,8.95
PUREGOLD PRICE CLUB INC,2,6/29/18,0,1.12,-0.0985,-0.1115,7.13,22.54,3062.09,0.00,0,10.63,19.01,4.07,7.97
PUREGOLD PRICE CLUB INC,3,9/28/18,0,1.04,0.0116,-0.0343,7.5,20.53,23785.57,0.00,0,65.1,19.17,4.27,34.22
PUREGOLD PRICE CLUB INC,4,12/28/18,0,1.1,0.026,-0.0444,7.37,19.36,19882.65,0.00,0,47.09,20.39,4.33,28.99
PUREGOLD PRICE CLUB INC,1,3/29/19,1,1.01,0.0609,0.1186,6.12,18.84,18431.28,0.00,0,45.59,20.87,3.63,28.67
PUREGOLD PRICE CLUB INC,2,6/28/19,0,0.91,0.0099,-0.0655,7.24,18.77,18736.45,3.06,9.72,44.34,21.56,4.45,28.51
PUREGOLD PRICE CLUB INC,3,9/30/19,0,0.92,-0.0276,-0.1313,8.48,19.81,14198.94,0.00,0,50.59,21.57,4.97,28.83
PUREGOLD PRICE CLUB INC,4,12/27/19,1,1.22,0.0047,0.0179,7.24,19.28,14826.44,2.82,11.25,48.97,22.07,4.31,29.05
PUREGOLD PRICE CLUB INC,1,3/31/20,1,1.34,-0.3191,-0.083,6.7,19.66,12892.63,2.40,9.23,46.09,22.75,3.98,27.63
PUREGOLD PRICE CLUB INC,2,6/30/20,1,1.49,0.1666,0.2716,7.1,19.1,15576.55,-6.37,8.71,63.21,23.33,4.22,35.03
PUREGOLD PRICE CLUB INC,3,9/30/20,1,1.03,-0.0553,0.0572,10.23,20.49,10367.28,0.00,0,66.43,23.87,6.35,34.58
PUREGOLD PRICE CLUB INC,4,12/29/20,0,1.09,0.2175,-0.1633,8.76,20.42,21036.44,-7.95,12.15,64.45,12.23,5.36,35.65
PUREGOLD PRICE CLUB INC,1,3/31/21,1,1.05,-0.0976,-0.0415,7.38,20.02,15663.2,-8.12,11.86,63.94,25.26,5.11,35.78
PUREGOLD PRICE CLUB INC,2,6/30/21,0,1.14,0.0712,0.0305,7.48,19.73,15354.47,2.57,10.91,62.28,25.87,4.48,35.27
PUREGOLD PRICE CLUB INC,3,9/30/21,1,0.97,0.0074,0.0988,7.93,17.98,5347.1,2.47,11.48,61.86,26.31,5,33.49
PUREGOLD PRICE CLUB INC,4,12/31/21,0,0.86,0.0244,-0.1169,8.96,17.67,11344.19,2.88,12.76,60.26,26.92,5.59,34.13
PUREGOLD PRICE CLUB INC,1,3/31/22,0,0.85,0.0113,-0.0903,7.6,17.85,13092.03,3.65,15.72,59.69,27.77,4.68,34.19
PUREGOLD PRICE CLUB INC,2,6/30/22,0,0.84,-0.1455,-0.158,7.75,18.15,18170.53,4.07,17.48,59.45,28.56,5.02,34.24
PUREGOLD PRICE CLUB INC,3,9/30/22,1,0.91,-0.0673,-0.0615,7.39,18.32,7240.88,0.00,0,61.57,28.84,4.96,31.07
PUREGOLD PRICE CLUB INC,4,12/29/22,1,0.81,0.1438,0.2354,8.07,17.96,17575.89,4.98,16.28,60.54,29.68,5.43,32.92
PUREGOLD PRICE CLUB INC,1,3/31/23,0,0.76,-0.0102,-0.1032,6.6,17.26,17306.37,5.95,17.07,59.8,30.38,4.25,33.45
PUREGOLD PRICE CLUB INC,2,6/30/23,0,0.76,-0.0049,-0.0607,7,16.63,18063.48,0.00,0,59.37,31.15,4.6,33.25
ROBINSONS LAND CO,4,12/29/16,0,1.12,-0.1034,-0.1613,36.22,13.61,39610.5,16.15,8.77,67.98,14.76,25.4,33.01
ROBINSONS LAND CO,1,3/31/17,0,1.02,0.0689,-0.1154,39.56,13.61,41642.67,19.07,8.43,68.32,15.11,27.55,33.55
ROBINSONS LAND CO,2,6/30/17,0,1.02,0.0727,0.0543,41.66,13.75,44752.77,0.00,0,70.73,15.52,29.36,34.19
ROBINSONS LAND CO,3,9/29/17,1,0.81,0.0419,0.0433,34.77,13.33,49279.11,0.00,0,76.22,15.84,22.33,34.67
ROBINSONS LAND CO,4,12/29/17,0,1.17,0.0474,-0.1581,35.59,11.73,32435.17,0.00,0,40.48,17.05,24.27,23.6
ROBINSONS LAND CO,1,3/28/18,1,1.04,-0.0676,-0.0638,38.21,12.1,34609.93,0.00,0,42.26,17.03,26.47,24.18
ROBINSONS LAND CO,2,6/29/18,1,1.12,-0.0985,-0.0672,49.26,14.47,29249.57,0.00,0,40.93,17.66,35.26,22.69
ROBINSONS LAND CO,3,9/28/18,1,1.09,0.0116,0.0914,32.97,14.79,34841.4,0.00,0,39.81,18,21.63,21.47
ROBINSONS LAND CO,4,12/28/18,0,1.25,0.026,-0.0074,37.71,13.33,33494.87,0.00,0,37.22,18.36,26.27,20.46
ROBINSONS LAND CO,1,3/29/19,1,1.33,0.0609,0.2159,38.62,13.94,32585.73,0.00,0,37.93,18.28,27.1,20.05
ROBINSONS LAND CO,2,6/28/19,1,1.27,0.0099,0.0755,42.06,12.1,39166.47,-0.39,8.84,42.15,18.79,30.89,23.5
ROBINSONS LAND CO,3,9/30/19,0,1.42,-0.0276,-0.0702,42.06,12.73,38082.42,0.00,0,45.11,19.16,29.23,23.8
ROBINSONS LAND CO,4,12/27/19,1,1.11,0.0047,0.1245,36.64,14.3,41237.52,-9.45,18.37,45.91,19.76,25.64,24.47
ROBINSONS LAND CO,1,3/31/20,0,1.12,-0.3191,-0.4613,25.18,12.44,35489.63,-14.68,13.4,52.81,19.36,11.89,25.62
ROBINSONS LAND CO,2,6/30/20,1,0.96,0.1666,0.1779,28.85,10.37,34761.32,-15.73,13.97,54.37,19.5,15.68,25.91
ROBINSONS LAND CO,3,9/30/20,0,1.18,-0.0553,-0.1876,23.05,8.44,41576.97,0.00,0,54.11,19.61,12.81,25.83
ROBINSONS LAND CO,4,12/29/20,1,1.1,0.2175,0.493,18.04,6.75,42554.35,-5.73,7.54,52.5,20.17,17.6,26.61
ROBINSONS LAND CO,1,3/31/21,0,1,-0.0976,-0.1566,39.34,9.25,43507.5,11.31,10.65,51.9,20.41,27.43,25.91
ROBINSONS LAND CO,2,6/30/21,0,0.91,0.0712,-0.0336,28.99,8.49,28435.18,24.16,11.62,37.62,24.33,18.07,21.3
ROBINSONS LAND CO,3,9/30/21,0,1.06,0.0074,-0.0741,30.35,8.62,30523.68,9.01,9.85,37.72,24.37,30.59,21.57
ROBINSONS LAND CO,4,12/31/21,1,1.1,0.0244,0.2,35.82,8.04,33758.19,20.04,8.68,34.01,24.22,20.95,19.56
ROBINSONS LAND CO,1,3/31/22,1,1.08,0.0113,0.0677,22.52,8.78,40748.75,31.87,11.53,36.93,24.85,15.82,22.92
ROBINSONS LAND CO,2,6/30/22,0,1.1,-0.1455,-0.159,38.31,9.39,42825.55,12.76,14.15,40.33,24.73,24.73,24.29
ROBINSONS LAND CO,3,9/30/22,1,0.87,-0.0673,-0.0441,39.66,11.05,45383.47,0.00,0,39.62,25.59,30.93,24.02
ROBINSONS LAND CO,4,12/29/22,0,0.85,0.1438,-0.0922,40.11,12.15,47049.86,9.85,20.66,39.26,26.36,28.68,23.82
ROBINSONS LAND CO,1,3/31/23,0,0.82,-0.0102,-0.0174,43.72,11.9,48019.59,-31.76,21.33,50.28,26.62,30.17,28.31
ROBINSONS LAND CO,2,6/30/23,0,0.89,-0.0049,-0.0286,41.63,12.65,49677.27,0.00,0,40.09,27.34,28.91,24.19
ROBINSONS RETAIL HOLDINGS IN,4,12/29/16,1,0,-0.1034,0,4.51,12.32,-4765.17,-0.97,5.39,8.09,35.16,3.87,5.75
ROBINSONS RETAIL HOLDINGS IN,1,3/31/17,0,0,0.0689,0,5.61,12.56,-4223.77,0.03,4.9,7.13,35.3,4.63,5.1
ROBINSONS RETAIL HOLDINGS IN,2,6/30/17,0,0.53,0.0727,0,5.44,12.56,-3683.12,0.00,0,7.14,36.24,4.37,5.19
ROBINSONS RETAIL HOLDINGS IN,3,9/29/17,0,1.25,0.0419,0,6.11,12.72,-8187.08,0.00,0,11.54,37.21,4.37,7.76
ROBINSONS RETAIL HOLDINGS IN,4,12/29/17,0,1.25,0.0474,-0.0283,4.4,12.69,-7092.4,0.00,0,6.62,37.92,4.18,4.74
ROBINSONS RETAIL HOLDINGS IN,1,3/28/18,0,1.19,-0.0676,-0.0717,5.56,13.03,-7641.78,0.00,0,5.75,38.02,4.48,4.08
ROBINSONS RETAIL HOLDINGS IN,2,6/29/18,0,1.18,-0.0985,-0.1097,5.19,12.98,-3289.14,0.00,0,7.33,38.71,3.86,5.36
ROBINSONS RETAIL HOLDINGS IN,3,9/28/18,0,1.15,0.0116,0.0025,4.82,11.04,-7994.04,0.00,0,9.34,43.46,3.12,6.3
ROBINSONS RETAIL HOLDINGS IN,4,12/28/18,0,1.07,0.026,0.0038,3.82,11.08,-5713.1,0.00,0,8.21,44.26,1.7,5.73
ROBINSONS RETAIL HOLDINGS IN,1,3/29/19,0,0.99,0.0609,-0.0125,4.98,11.45,17978.64,0.00,0,40.67,44.26,2.7,23.26
ROBINSONS RETAIL HOLDINGS IN,2,6/28/19,0,1.09,0.0099,-0.0633,5.01,11.74,16259.36,6.29,6.03,35.39,45.22,2.73,21.39
ROBINSONS RETAIL HOLDINGS IN,3,9/30/19,1,1.1,-0.0276,0.0676,5.27,11.13,12393.86,0.00,0,42.71,45.75,2.23,23.71
ROBINSONS RETAIL HOLDINGS IN,4,12/27/19,1,1.14,0.0047,0.0127,4.18,11.33,11386.52,10.89,8.99,38.73,46.18,2.3,23.09
ROBINSONS RETAIL HOLDINGS IN,1,3/31/20,1,1.11,-0.3191,-0.2875,3.26,10.21,9276.48,12.57,7.05,38.87,45.58,2.06,22.42
ROBINSONS RETAIL HOLDINGS IN,2,6/30/20,0,1.17,0.1666,0.1404,4.21,9.38,15896.86,6.57,6.58,41.04,45.86,2.17,24
ROBINSONS RETAIL HOLDINGS IN,3,9/30/20,1,0.97,-0.0553,0,3.65,7.96,15573.02,0.00,0,47.57,46.34,1.99,26.07
ROBINSONS RETAIL HOLDINGS IN,4,12/29/20,0,0.94,0.2175,0,3.26,7.24,15833.46,4.06,5.88,41.97,46.23,2.65,24.08
ROBINSONS RETAIL HOLDINGS IN,1,3/31/21,0,0.83,-0.0976,-0.1192,3.26,7.46,16615.48,6.33,6.33,42.83,44.59,2.02,24.61
ROBINSONS RETAIL HOLDINGS IN,2,6/30/21,0,0.79,0.0712,-0.062,3.97,7.49,16666.31,6.37,6.64,42.09,46.22,2.78,24.05
ROBINSONS RETAIL HOLDINGS IN,3,9/30/21,0,0.96,0.0074,-0.0354,5.04,8.36,17396.62,12.06,6.06,43.87,45.65,4.1,25.01
ROBINSONS RETAIL HOLDINGS IN,4,12/31/21,1,0.79,0.0244,0.2625,4.03,8.98,18287.51,12.37,7.7,40.57,45.37,2.99,23.88
ROBINSONS RETAIL HOLDINGS IN,1,3/31/22,0,0.84,0.0113,-0.1506,4.76,10.51,21160.43,10.74,9.69,46.39,44.22,3.63,26.1
ROBINSONS RETAIL HOLDINGS IN,2,6/30/22,1,0.97,-0.1455,-0.0927,5.11,11.57,19852.31,7.99,9.96,44.21,44.92,3.74,25.1
ROBINSONS RETAIL HOLDINGS IN,3,9/30/22,1,0.84,-0.0673,0.0853,5.37,12.05,16665.67,0.00,0,44.97,45.94,2.78,24.33
ROBINSONS RETAIL HOLDINGS IN,4,12/29/22,0,0.83,0.1438,-0.0155,4.09,12.15,37013.3,-9.04,11.19,60.79,51.21,1.2,31.21
ROBINSONS RETAIL HOLDINGS IN,1,3/31/23,1,0.84,-0.0102,0.0009,4.43,12.36,24302,-6.40,11.08,41.1,47.58,2.72,21.32
ROBINSONS RETAIL HOLDINGS IN,2,6/30/23,1,0.73,-0.0049,0.0148,4.78,12.14,36638.79,0.00,0,57.31,48.24,1.66,30.63
SAN MIGUEL CORP,4,12/29/16,1,1.02,-0.1034,0.1311,14.05,38.78,486701,13.33,42.15,154.91,115.1,3.19,52.26
SAN MIGUEL CORP,1,3/31/17,1,0.97,0.0689,0.1268,13.12,37.93,474017,0.21,42.37,157.71,117.13,3.4,52.83
SAN MIGUEL CORP,2,6/30/17,0,0.87,0.0727,0,14.4,39.36,479489,0.00,0,150.05,119.48,3.89,51.24
SAN MIGUEL CORP,3,9/29/17,0,0.94,0.0419,-0.0548,12.35,39.67,497810,0.00,0,149.5,121.78,3.2,51.05
SAN MIGUEL CORP,4,12/29/17,1,1.21,0.0474,0.1353,13.95,40.95,638741,0.00,0,179.77,123.23,3.13,55.37
SAN MIGUEL CORP,1,3/28/18,1,1.38,-0.0676,0.2007,12.97,43.29,683345,0.00,0,184.64,124.5,2.06,56.22
SAN MIGUEL CORP,2,6/29/18,1,1.67,-0.0985,0.0299,11.84,43.31,718950,0.00,0,193.45,125.35,2.7,56.61
SAN MIGUEL CORP,3,9/28/18,1,1.41,0.0116,0.2283,7.22,37.91,700207,0.00,0,184.34,137.4,1.22,56.29
SAN MIGUEL CORP,4,12/28/18,0,1.57,0.026,-0.1327,12.4,37,714466,0.00,0,186.8,138.71,2.28,56.2
SAN MIGUEL CORP,1,3/29/19,1,1.56,0.0609,0.1837,10.25,34.25,681699,0.00,0,168.58,139.41,2.91,54.82
SAN MIGUEL CORP,2,6/28/19,0,1.58,0.0099,0.0069,12.5,34.31,692378,-30.56,26.36,169.41,138.24,2.81,55.42
SAN MIGUEL CORP,3,9/30/19,1,1.5,-0.0276,-0.0211,10.3,35.61,707694,0.00,0,173.15,135.19,0.41,54.71
SAN MIGUEL CORP,4,12/27/19,0,1.21,0.0047,-0.0437,5.48,29.82,722364,-101.71,44.16,191.05,132.32,-0.6,57.95
SAN MIGUEL CORP,1,3/31/20,0,1.14,-0.3191,-0.4421,2.31,23.25,738897,-59.32,30.63,195.27,124.13,-4.55,58.49
SAN MIGUEL CORP,2,6/30/20,0,1.19,0.1666,0.0929,14.88,21.06,734543,-49.64,29.02,179.23,134.28,4.02,56.63
SAN MIGUEL CORP,3,9/30/20,1,1.27,-0.0553,-0.011,15.42,21.43,676922,0.00,0,156.41,144.59,1.75,53.58
SAN MIGUEL CORP,4,12/29/20,1,1.3,0.2175,0.2952,16.01,27.91,688250,15.99,32.41,159.19,144.41,4.62,54.04
SAN MIGUEL CORP,1,3/31/21,1,1.2,-0.0976,-0.071,13.78,36.67,670243,-15.99,41.97,144.94,144.83,1.81,52.1
SAN MIGUEL CORP,2,6/30/21,0,1.16,0.0712,-0.0126,11.11,37.12,737663,-13.19,43.01,155.49,132.2,-0.46,53.13
SAN MIGUEL CORP,3,9/30/21,0,1.13,0.0074,-0.0221,11.75,36.88,798815,-18.03,44.5,161.43,132.74,0.67,53.6
SAN MIGUEL CORP,4,12/31/21,0,1.05,0.0244,0,10.25,36.8,820100,-34.24,46.58,162.96,134.71,2,53.55
SAN MIGUEL CORP,1,3/31/22,0,1.2,0.0113,-0.0426,11.59,42.36,904395,-40.40,54.06,176.86,130.61,-1.95,54.34
SAN MIGUEL CORP,2,6/30/22,1,1.16,-0.1455,-0.0191,4.68,42.96,1008243,-85.25,56.12,199.21,124.19,-3.43,57.78
SAN MIGUEL CORP,3,9/30/22,0,0.96,-0.0673,-0.0922,6.6,41.61,1111280,0.00,0,223.95,115.19,0.54,59.84
SAN MIGUEL CORP,4,12/29/22,0,1.1,0.1438,-0.051,10.11,41.85,1104607,-68.79,49.22,208.81,117.55,2.55,58.19
SAN MIGUEL CORP,1,3/31/23,1,1.08,-0.0102,0.1512,10.3,39.59,1140560,-64.11,45.65,221.44,112.68,-2.39,59.25
SAN MIGUEL CORP,2,6/30/23,0,1.1,-0.0049,-0.015,10.71,47.61,1201794,0.00,0,231.13,115.78,-0.16,60.21
SECURITY BANK CORP,4,12/29/16,0,2.64,-0.1034,-0.2136,50.43,11.97,98668.73,18.61,6.12,233,132.18,45.41,31.89
SECURITY BANK CORP,1,3/31/17,0,2.56,0.0689,0.0632,49.06,10.51,143115.51,21.68,6.2,274.51,133.94,41.47,35.8
SECURITY BANK CORP,2,6/30/17,1,2.75,0.0727,0.0743,43.1,10.72,122539.8,0.00,0,238.4,136.81,38.04,30.9
SECURITY BANK CORP,3,9/29/17,1,2.69,0.0419,0.1207,48.41,11.81,80143.09,0.00,0,149.61,139.31,39.83,22.65
SECURITY BANK CORP,4,12/29/17,0,2.76,0.0474,0.0337,47.14,11.47,84109.31,0.00,0,145.38,140.19,37.25,21.88
SECURITY BANK CORP,1,3/28/18,1,2.54,-0.0676,-0.0453,42.08,10.95,77685.12,0.00,0,141.08,142.28,32.69,20.96
SECURITY BANK CORP,2,6/29/18,0,1.93,-0.0985,-0.1667,45.35,11.16,55458.34,0.00,0,123.78,144.94,35.46,18.46
SECURITY BANK CORP,3,9/28/18,0,1.89,0.0116,-0.23,39.69,10.32,60541.08,0.00,0,132.72,145.15,30.29,18.95
SECURITY BANK CORP,4,12/28/18,0,1.99,0.026,0.0065,42.38,10.41,88416.89,0.00,0,145.91,147.61,31.61,21.28
SECURITY BANK CORP,1,3/29/19,1,1.93,0.0609,0.1161,41.87,10.88,106799.21,0.00,0,159.14,151.86,32.76,23.47
SECURITY BANK CORP,2,6/28/19,0,2.3,0.0099,-0.0173,35.01,10.79,105118.52,-43.36,8.25,147.36,156.2,31.41,21.52
SECURITY BANK CORP,3,9/30/19,1,2.27,-0.0276,0.1588,29.18,10.89,66369.72,0.00,0,120.65,156.83,24.58,18
SECURITY BANK CORP,4,12/27/19,0,1.81,0.0047,-0.0102,17.56,9.97,44039.95,29.13,14.28,105.04,159.05,21.89,16.06
SECURITY BANK CORP,1,3/31/20,0,1.5,-0.3191,-0.4513,18.16,8.72,-25081.62,120.67,13.56,58.83,168.48,21.96,10.1
SECURITY BANK CORP,2,6/30/20,0,1.41,0.1666,-0.0374,-6.14,5.45,-7651.97,160.79,9.48,49.88,164.49,6.99,9.51
SECURITY BANK CORP,3,9/30/20,0,1.69,-0.0553,-0.1053,7.12,3.69,-21642.71,0.00,0,54.93,163.5,7.59,10.38
SECURITY BANK CORP,4,12/29/20,1,1.69,0.2175,0.4542,39.36,4.52,-69254.44,74.07,5.98,46.25,160.63,19.51,7.81
SECURITY BANK CORP,1,3/31/21,1,1.54,-0.0976,-0.097,24.02,4.26,-99427.08,41.92,5.99,30.56,163.94,16.29,5.37
SECURITY BANK CORP,2,6/30/21,0,1.37,0.0712,-0.0248,23.61,6.65,-107509.24,40.61,10.36,25.68,165.49,19.65,4.58
SECURITY BANK CORP,3,9/30/21,0,1.48,0.0074,-0.1017,28.78,8.2,-87698.1,43.66,11.35,26.65,165.84,22.81,4.76
SECURITY BANK CORP,4,12/31/21,1,1.32,0.0244,0.1226,40.43,8.68,-39016.65,33.07,12.86,26.62,162.42,29.76,4.61
SECURITY BANK CORP,1,3/31/22,0,1.3,0.0113,-0.084,45.33,10.28,-40145.51,-2.60,18.48,36.28,164.72,36.78,5.89
SECURITY BANK CORP,2,6/30/22,0,1.22,-0.1455,-0.1615,32.16,11.09,-30894.27,-46.39,22.62,53.8,164.85,23.7,8.37
SECURITY BANK CORP,3,9/30/22,0,1.15,-0.0673,-0.1138,11.2,9.76,-34211.78,0.00,0,71.19,166.88,21.02,10.64
SECURITY BANK CORP,4,12/29/22,0,1.2,0.1438,0.0741,31.63,9.23,32192.48,-111.29,16.71,88,170.72,24.54,14.27
SECURITY BANK CORP,1,3/31/23,1,1.09,-0.0102,0.0575,33.16,8.41,46681.49,-103.89,17.01,84.66,173.08,24.49,13.88
SECURITY BANK CORP,2,6/30/23,0,1.06,-0.0049,-0.0924,29.61,8.24,26840.96,0.00,0,69.46,175.78,26.05,11.3
SEMIRARA MINING AND POWER CO,4,12/29/16,1,1.2,-0.1034,0.1414,47.64,42.92,7997.37,3.35,9.34,45.55,9.05,42.73,25.18
SEMIRARA MINING AND POWER CO,1,3/31/17,1,1.22,0.0689,0.1354,40.48,44.99,11630.93,5.01,8.67,46.07,8.64,36.31,25.56
SEMIRARA MINING AND POWER CO,2,6/30/17,1,1.36,0.0727,0.0874,35.44,46.5,14618.54,0.00,0,51.67,8.26,30.41,27.57
SEMIRARA MINING AND POWER CO,3,9/29/17,0,1.12,0.0419,-0.709,19.53,42.81,9502.84,0.00,0,47.84,8.84,22.18,26.28
SEMIRARA MINING AND POWER CO,4,12/29/17,0,1,0.0474,-0.212,42.88,40.69,12836.24,0.00,0,52.86,8.64,40.02,28.28
SEMIRARA MINING AND POWER CO,1,3/28/18,0,0.85,-0.0676,-0.1766,32.38,40.47,13370.43,0.00,0,39.1,9.5,28.42,23.43
SEMIRARA MINING AND POWER CO,2,6/29/18,1,0.74,-0.0985,0,17.5,32.84,14821.17,0.00,0,41.96,9.69,9.91,25.6
SEMIRARA MINING AND POWER CO,3,9/28/18,0,0.62,0.0116,-0.1188,28.66,34.4,18566.08,0.00,0,51.26,9.39,28.88,28.81
SEMIRARA MINING AND POWER CO,4,12/28/18,0,0.56,0.026,-0.1367,24.81,29.44,15713.37,0.00,0,51.11,8.69,23.94,26.44
SEMIRARA MINING AND POWER CO,1,3/29/19,0,0.58,0.0609,-0.0477,27.5,26.18,16689.82,0.00,0,51.74,9.51,26.2,28.23
SEMIRARA MINING AND POWER CO,2,6/28/19,1,0.59,0.0099,0.0547,20.05,27.46,14355.56,7.26,11.86,46.11,10.07,23.99,26.85
SEMIRARA MINING AND POWER CO,3,9/30/19,1,0.57,-0.0276,-0.0151,17.9,24.08,12247.49,0.00,0,42.28,10.41,10.76,25.9
SEMIRARA MINING AND POWER CO,4,12/27/19,0,0.41,0.0047,-0.0351,16.76,23.2,17754.42,17.55,19.11,53.54,9.44,16.39,29.85
SEMIRARA MINING AND POWER CO,1,3/31/20,0,0.41,-0.3191,-0.5,25.82,16.13,17918.12,8.75,12.2,52.69,9.68,19.43,30.57
SEMIRARA MINING AND POWER CO,2,6/30/20,0,0.34,0.1666,0.1527,13.11,12.67,16169.63,10.49,12.64,49.26,9.86,10.4,29.05
SEMIRARA MINING AND POWER CO,3,9/30/20,0,0.38,-0.0553,-0.2129,5.26,9.25,11892.5,0.00,0,47.36,9.92,3.55,28.08
SEMIRARA MINING AND POWER CO,4,12/29/20,1,0.42,0.2175,0.3808,26.1,13.11,11787.67,7.29,9,44.01,9.22,24.86,24.07
SEMIRARA MINING AND POWER CO,1,3/31/21,1,0.43,-0.0976,-0.0145,29.89,19.49,9408.01,16.11,13.12,39.22,10.15,26.93,23.65
SEMIRARA MINING AND POWER CO,2,6/30/21,1,0.6,0.0712,0.0854,28.11,25.17,3905.66,11.39,12.56,33.66,11.09,28.67,21.46
SEMIRARA MINING AND POWER CO,3,9/30/21,1,0.59,0.0074,0.4247,42.75,38.54,6941.96,19.36,18.64,33.23,10.73,41.03,21.15
SEMIRARA MINING AND POWER CO,4,12/31/21,0,0.82,0.0244,0.0167,52.53,63.71,-4579.19,11.40,22.81,26,12.77,51.71,15.8
SEMIRARA MINING AND POWER CO,1,3/31/22,1,1.1,0.0113,0.4379,45.41,66.13,-12624.95,11.88,24.05,20.07,15.3,46.96,14.28
SEMIRARA MINING AND POWER CO,2,6/30/22,1,1.3,-0.1455,0.1401,47.09,68.33,-21143.52,10.69,25.22,15.96,17.69,47.97,12.02
SEMIRARA MINING AND POWER CO,3,9/30/22,1,1.01,-0.0673,0.1143,32.14,75.41,-9789.67,0.00,0,15.98,15.12,21.8,11.79
SEMIRARA MINING AND POWER CO,4,12/29/22,0,0.94,0.1438,-0.1154,48.17,64.14,-15529.49,19.04,26.28,16.42,13.74,43.6,9.86
SEMIRARA MINING AND POWER CO,1,3/31/23,0,0.81,-0.0102,-0.0623,44.3,54.31,-18609.94,28.50,30.49,13,16.08,42.68,9.72
SEMIRARA MINING AND POWER CO,2,6/30/23,0,1.03,-0.0049,-0.1345,25.28,39.76,-18968.13,0.00,0,10.9,16.94,29.25,8.57
SM INVESTMENTS CORP,4,12/29/16,1,10.81,-0.1034,-0.0275,16.92,17.72,270466.48,-5.25,5.81,80.33,257.2,9.74,38.34
SM INVESTMENTS CORP,1,3/31/17,0,11.52,0.0689,0.0641,16.92,18.32,278280.49,-5.77,5.69,84.39,256.64,9.9,39.43
SM INVESTMENTS CORP,2,6/30/17,1,12.12,0.0727,0.1521,15.41,18.53,281924.9,0.00,0,83.55,264.44,8.52,39.21
SM INVESTMENTS CORP,3,9/29/17,1,12.85,0.0419,0.0996,14.4,18.69,268121.96,0.00,0,78.67,272.4,7.68,37.19
SM INVESTMENTS CORP,4,12/29/17,1,12.81,0.0474,0.1212,17.73,18.89,289421.49,0.00,0,77.72,278.56,9.64,37.24
SM INVESTMENTS CORP,1,3/28/18,0,13.08,-0.0676,-0.0737,17.32,19.68,308780.87,0.00,0,80.39,276.58,9.54,37.81
SM INVESTMENTS CORP,2,6/29/18,1,13.35,-0.0985,-0.0458,15.57,19.67,318269.52,0.00,0,81.45,284.03,8.5,38.05
SM INVESTMENTS CORP,3,9/28/18,1,13.22,0.0116,0.0331,13.98,19.67,280765.66,0.00,0,78.39,293.37,7.95,36.39
SM INVESTMENTS CORP,4,12/28/18,0,12.68,0.026,0.0149,17.86,19.64,315604.07,0.00,0,78.26,306.37,10.76,36.88
SM INVESTMENTS CORP,1,3/29/19,0,13,0.0609,0.018,17.9,20.56,326812.5,0.00,0,80.78,306.58,10.78,37.19
SM INVESTMENTS CORP,2,6/28/19,1,13.4,0.0099,0.0375,15.22,20.39,338165.52,1.30,6.29,79.81,314.77,9.45,37.19
SM INVESTMENTS CORP,3,9/30/19,1,14.35,-0.0276,0.0021,16.69,21.37,328036.68,0.00,0,75.4,317.64,7.91,35.33
SM INVESTMENTS CORP,4,12/27/19,1,16.29,0.0047,0.0742,14.67,20.21,354450.49,0.22,7.69,79.02,316.3,8.86,36.83
SM INVESTMENTS CORP,1,3/31/20,1,16.11,-0.3191,-0.2157,6.21,15.92,369902.89,0.00,5.3,77.96,317.91,-2.58,36.36
SM INVESTMENTS CORP,2,6/30/20,0,15.91,0.1666,0.1479,11.91,13.9,373494.47,0.89,5.04,76.98,323.65,10.02,36.17
SM INVESTMENTS CORP,3,9/30/20,0,15.63,-0.0553,-0.0628,10.43,10.39,367668.91,0.00,0,78.95,335.25,7.31,36.41
SM INVESTMENTS CORP,4,12/29/20,0,15.8,0.2175,0.192,14.31,9.72,386221.34,-0.72,3.32,77.71,340.39,10.84,36.58
SM INVESTMENTS CORP,1,3/31/21,1,15.37,-0.0976,-0.0848,13.6,11.37,412684.02,-1.41,3.78,79.43,347.19,12.32,37.26
SM INVESTMENTS CORP,2,6/30/21,0,15.06,0.0712,0.0411,9.02,10.67,431935.76,-3.52,3.65,82.39,353.81,8.43,38.32
SM INVESTMENTS CORP,3,9/30/21,0,13.89,0.0074,-0.0095,13.77,12.25,416520.18,-1.97,4.59,81.17,371.58,8.94,37.14
SM INVESTMENTS CORP,4,12/31/21,0,12.98,0.0244,-0.0475,15.4,13.09,415987.13,-2.93,5.11,81.26,370.2,12.25,37.63
SM INVESTMENTS CORP,1,3/31/22,0,13.1,0.0113,-0.0361,15.01,14.47,442611.17,-5.41,6.62,88.23,368.78,12.2,39.58
SM INVESTMENTS CORP,2,6/30/22,1,12.85,-0.1455,-0.1397,16,16.78,447513.07,-2.78,8.63,85.13,387.26,11.7,38.92
SM INVESTMENTS CORP,3,9/30/22,0,13.99,-0.0673,-0.0729,16.42,17.69,425747.97,0.00,0,78.17,406.61,12.14,36.51
SM INVESTMENTS CORP,4,12/29/22,1,13.73,0.1438,0.2414,16.94,18.54,442752.47,3.12,8.21,71.69,419.81,13.51,34.99
SM INVESTMENTS CORP,1,3/31/23,0,14.24,-0.0102,-0.0122,16.78,19.51,454912.32,3.45,8.3,75.7,422.61,14.07,36.1
SM INVESTMENTS CORP,2,6/30/23,1,13.23,-0.0049,0.0405,17.56,19.44,453665.1,0.00,0,72.27,438.43,13.55,35.07
SM PRIME HOLDINGS INC,4,12/29/16,1,7.39,-0.1034,0.0071,46.65,15.91,141921.28,-1.63,4.47,69.94,8.33,32.16,35.01
SM PRIME HOLDINGS INC,1,3/31/17,0,8.08,0.0689,-0.0018,46.38,16.3,149728.27,-2.82,3.94,77.49,8.34,34.26,37.23
SM PRIME HOLDINGS INC,2,6/30/17,1,8.07,0.0727,0.1661,46.76,16.74,148735.73,0.00,0,75.32,8.59,26.4,36.38
SM PRIME HOLDINGS INC,3,9/29/17,1,8.3,0.0419,0.0439,39.99,16.57,147854.01,0.00,0,73.65,8.97,28.69,35.96
SM PRIME HOLDINGS INC,4,12/29/17,1,8.03,0.0474,0.0885,47.5,16.68,155010.41,0.00,0,75.23,9.18,32.53,36.14
SM PRIME HOLDINGS INC,1,3/28/18,0,9.45,-0.0676,-0.1013,46.45,17.48,168238.41,0.00,0,78.67,9.05,34.17,36.83
SM PRIME HOLDINGS INC,2,6/29/18,1,9.39,-0.0985,0.0668,46.58,17.63,176214.41,0.00,0,82.92,9.25,27.5,37.81
SM PRIME HOLDINGS INC,3,9/28/18,0,9.07,0.0116,0.0056,45.45,18.09,183405.5,0.00,0,79.84,9.53,29.58,36.88
SM PRIME HOLDINGS INC,4,12/28/18,0,9.52,0.026,-0.0097,48.93,18.2,209469.89,0.00,0,86.04,9.93,33.14,38.71
SM PRIME HOLDINGS INC,1,3/29/19,1,8.75,0.0609,0.1145,47.36,19.22,202438.99,0.00,0,84.66,9.84,34.43,37.77
SM PRIME HOLDINGS INC,2,6/28/19,0,9.03,0.0099,-0.0702,48.48,19.53,203549.33,-0.08,5.07,84.38,10.05,29.64,37.48
SM PRIME HOLDINGS INC,3,9/30/19,1,10.18,-0.0276,0.0027,47.15,19.68,213908.93,0.00,0,82.37,10.42,31.52,37.34
SM PRIME HOLDINGS INC,4,12/27/19,1,9.95,0.0047,0.1317,46.07,18.92,220019.24,-3.17,6.78,88.5,10.42,32.26,38.89
SM PRIME HOLDINGS INC,1,3/31/20,0,9.61,-0.3191,-0.3254,24.98,15.63,231597.92,-1.05,4.96,83.72,10.37,11.81,37.19
SM PRIME HOLDINGS INC,2,6/30/20,0,9.34,0.1666,0.1215,36.55,12.92,240414.15,-1.72,4.51,86.6,10.47,23.15,37.97
SM PRIME HOLDINGS INC,3,9/30/20,0,10.09,-0.0553,-0.0769,30.68,9.53,252315.55,0.00,0,91.26,10.71,17.14,39.25
SM PRIME HOLDINGS INC,4,12/29/20,1,10.13,0.2175,0.3095,41.68,8.39,257796.64,-1.11,2.56,89.09,10.92,31.14,38.76
SM PRIME HOLDINGS INC,1,3/31/21,1,9.87,-0.0976,-0.0909,36.49,9.3,271103.21,-3.69,2.73,93.01,11.07,25.47,39.83
SM PRIME HOLDINGS INC,2,6/30/21,0,8.76,0.0712,0.0429,34.94,8.96,285463.33,-4.84,2.97,97.29,11.24,25.27,41.14
SM PRIME HOLDINGS INC,3,9/30/21,0,8.78,0.0074,-0.1027,42.55,10.09,285814.69,-3.35,3.31,97.54,11.53,24.19,40.54
SM PRIME HOLDINGS INC,4,12/31/21,1,9.51,0.0244,0.0351,44.74,10.47,264300.49,-4.56,3.15,92.57,11.86,31.04,38.6
SM PRIME HOLDINGS INC,1,3/31/22,1,10.77,0.0113,0.1165,47.51,11.38,319555.54,-6.38,3.57,111.01,11.88,29.81,44.26
SM PRIME HOLDINGS INC,2,6/30/22,1,9.38,-0.1455,-0.0343,48.58,13.44,322898.22,-5.65,5.24,108.24,12.21,28.92,43.84
SM PRIME HOLDINGS INC,3,9/30/22,0,9.71,-0.0673,-0.1765,47.2,14.31,323275.36,0.00,0,100.2,12.58,25.19,41.85
SM PRIME HOLDINGS INC,4,12/29/22,1,8.91,0.1438,0.1794,48.41,14.81,332135.51,-0.62,5.6,95.1,12.95,32.9,40.66
SM PRIME HOLDINGS INC,1,3/31/23,0,8.89,-0.0102,-0.0761,48.44,15.98,342554.89,0.58,6.06,101.57,13.04,32.04,42.04
SM PRIME HOLDINGS INC,2,6/30/23,1,8.36,-0.0049,0.0015,47.54,16.15,344773.92,0.00,0,97.81,13.43,32.62,40.9
UNIVERSAL ROBINA CORP,4,12/29/16,1,4.54,-0.1034,-0.0815,13.13,22.01,29852.63,0.32,4.39,56.83,33.57,10.98,29.6
UNIVERSAL ROBINA CORP,1,3/31/17,0,4.26,0.0689,0,11.91,21.35,31718.09,-0.53,4.21,56.25,34.31,9.58,29.51
UNIVERSAL ROBINA CORP,2,6/30/17,0,3.83,0.0727,-0.0037,9.97,19.48,28249.06,0.00,0,51.83,35.19,6.19,27.85
UNIVERSAL ROBINA CORP,3,9/29/17,0,3.57,0.0419,-0.062,12.84,19.11,23437.37,0.00,0,47,36.93,8.21,26
UNIVERSAL ROBINA CORP,4,12/29/17,0,3.87,0.0474,-0.0118,11.27,19.13,31545.41,0.00,0,58.59,34.63,9.63,29.44
UNIVERSAL ROBINA CORP,1,3/28/18,1,3.39,-0.0676,0.0066,10.15,18.2,30320.19,0.00,0,54.78,36.12,5.67,29.08
UNIVERSAL ROBINA CORP,2,6/29/18,0,4,-0.0985,-0.2039,10.69,17.83,27361.75,0.00,0,51.23,37.42,6.45,27.7
UNIVERSAL ROBINA CORP,3,9/28/18,1,3.43,0.0116,0.1942,10.23,16.2,26494.87,0.00,0,47.55,38.02,7.45,26.29
UNIVERSAL ROBINA CORP,4,12/28/18,0,3.87,0.026,-0.1211,11.86,17.78,30930.47,0.00,0,51.79,36.18,9.12,26.83
UNIVERSAL ROBINA CORP,1,3/29/19,1,4.18,0.0609,0.1969,10.89,17.51,28725.98,0.00,0,48.07,37.57,6.2,25.6
UNIVERSAL ROBINA CORP,2,6/28/19,1,4.04,0.0099,0.0921,10.41,16.95,29157.5,2.32,4.17,47.53,39.28,5.7,26.09
UNIVERSAL ROBINA CORP,3,9/30/19,0,3.74,-0.0276,-0.0602,11.57,17.28,25803.78,0.00,0,49.07,40.81,8.07,27.69
UNIVERSAL ROBINA CORP,4,12/27/19,0,3.88,0.0047,-0.0705,11.86,18.05,20820.82,1.19,6.56,46.14,39.37,5.94,25.39
UNIVERSAL ROBINA CORP,1,3/31/20,1,4.18,-0.3191,-0.2828,12.58,18.21,20903.06,3.67,5.45,42.34,40.29,10.43,24.07
UNIVERSAL ROBINA CORP,2,6/30/20,1,4.54,0.1666,0.25,11.35,17.98,27429.63,3.13,5.38,45.57,40.92,6.09,25.63
UNIVERSAL ROBINA CORP,3,9/30/20,1,4.26,-0.0553,0.0308,14.83,15.25,28847.08,0.00,0,49.23,41.86,24.27,27.32
UNIVERSAL ROBINA CORP,4,12/29/20,0,4.1,0.2175,0.1381,13.14,15.11,28016.24,2.78,4.7,46.12,43.45,10.23,26.32
UNIVERSAL ROBINA CORP,1,3/31/21,0,4.17,-0.0976,-0.1279,11.93,13.91,32699.91,-0.24,4.06,48.51,44.02,17.71,26.74
UNIVERSAL ROBINA CORP,2,6/30/21,1,3.87,0.0712,0.0865,9.03,12.63,4753.25,0.67,3.93,18.77,43.63,8.85,10.24
UNIVERSAL ROBINA CORP,3,9/30/21,0,3.54,0.0074,-0.0595,9.5,12.13,924.07,1.33,4.33,16.76,49.71,49.7,11.99
UNIVERSAL ROBINA CORP,4,12/31/21,0,3.24,0.0244,-0.0581,11.37,12.43,3050.63,1.90,4.67,18.83,47.64,9.71,12.57
UNIVERSAL ROBINA CORP,1,3/31/22,0,3.49,0.0113,-0.0547,9.37,12.12,10158.52,3.83,5.06,22.39,48.94,7.72,15.24
UNIVERSAL ROBINA CORP,2,6/30/22,1,3.79,-0.1455,-0.0826,9.24,12.82,8228.51,3.14,5.29,20.73,50.56,8.56,14.07
UNIVERSAL ROBINA CORP,3,9/30/22,1,3.96,-0.0673,0.027,10.58,13.55,11408.83,0.00,0,21.98,52.95,10.97,15
UNIVERSAL ROBINA CORP,4,12/29/22,1,4.17,0.1438,0.193,11.7,14.48,8043.63,2.01,5.04,20.01,52.38,8.58,12.66
UNIVERSAL ROBINA CORP,1,3/31/23,1,3.97,-0.0102,0.0588,10.05,14.64,10246.4,2.21,5.48,19.12,53.85,8.37,12.73
UNIVERSAL ROBINA CORP,2,6/30/23,0,3.5,-0.0049,-0.0451,10.37,15.11,14879.45,0.00,0,23.35,53.07,7.89,15.43